

--------------------> Base de dados para tabela t_clientes <--------------------


insert into t_clientes (id_cliente, nome_cli, regiao, email_cli, data_cadastro) values (1, 'Merl Pilcher', 'ba', 'mpilcher0@marriott.com', '2022/08/16');
insert into t_clientes (id_cliente, nome_cli, regiao, email_cli, data_cadastro) values (2, 'Shelba Cadney', 'am', 'scadney1@comsenz.com', '2023/12/29');
insert into t_clientes (id_cliente, nome_cli, regiao, email_cli, data_cadastro) values (3, 'Babb Hessing', 'pr', 'bhessing2@latimes.com', '2022/03/08');
insert into t_clientes (id_cliente, nome_cli, regiao, email_cli, data_cadastro) values (4, 'Lynn Varne', 'ce', 'lvarne3@zdnet.com', '2022/11/10');
insert into t_clientes (id_cliente, nome_cli, regiao, email_cli, data_cadastro) values (5, 'Daniel Dozdill', 'ba', 'ddozdill4@google.com', '2022/05/28');
insert into t_clientes (id_cliente, nome_cli, regiao, email_cli, data_cadastro) values (6, 'Charo Aleksic', 'rs', 'caleksic5@barnesandnoble.com', '2022/04/09');
insert into t_clientes (id_cliente, nome_cli, regiao, email_cli, data_cadastro) values (7, 'Gregorio Jeste', 'mt', 'gjeste6@usatoday.com', '2024/01/15');
insert into t_clientes (id_cliente, nome_cli, regiao, email_cli, data_cadastro) values (8, 'Teri Charlewood', 'pb', 'tcharlewood7@wiley.com', '2022/05/29');
insert into t_clientes (id_cliente, nome_cli, regiao, email_cli, data_cadastro) values (9, 'Giffard Rangell', 'pe', 'grangell8@smh.com.au', '2023/03/02');
insert into t_clientes (id_cliente, nome_cli, regiao, email_cli, data_cadastro) values (10, 'Stephana Gladbeck', 'pr', 'sgladbeck9@theguardian.com', '2022/11/08');
insert into t_clientes (id_cliente, nome_cli, regiao, email_cli, data_cadastro) values (11, 'Artus Hatwell', 'pr', 'ahatwella@europa.eu', '2025/02/11');
insert into t_clientes (id_cliente, nome_cli, regiao, email_cli, data_cadastro) values (12, 'Sonnie Braven', 'se', 'sbravenb@engadget.com', '2025/02/02');
insert into t_clientes (id_cliente, nome_cli, regiao, email_cli, data_cadastro) values (13, 'Artemus Denacamp', 'pb', 'adenacampc@google.cn', '2022/12/14');
insert into t_clientes (id_cliente, nome_cli, regiao, email_cli, data_cadastro) values (14, 'Tara McEvay', 'ac', 'tmcevayd@amazon.de', '2023/02/18');
insert into t_clientes (id_cliente, nome_cli, regiao, email_cli, data_cadastro) values (15, 'Terrell Jensen', 'ma', 'tjensene@bbc.co.uk', '2024/09/06');
insert into t_clientes (id_cliente, nome_cli, regiao, email_cli, data_cadastro) values (16, 'Aurie Ellice', 'ac', 'aellicef@nydailynews.com', '2024/03/16');
insert into t_clientes (id_cliente, nome_cli, regiao, email_cli, data_cadastro) values (17, 'Tobye Royall', 'sc', 'troyallg@va.gov', '2022/09/13');
insert into t_clientes (id_cliente, nome_cli, regiao, email_cli, data_cadastro) values (18, 'Dulcia Gowling', 'rn', 'dgowlingh@guardian.co.uk', '2022/10/26');
insert into t_clientes (id_cliente, nome_cli, regiao, email_cli, data_cadastro) values (19, 'Guthrie Kiddy', 'pr', 'gkiddyi@ezinearticles.com', '2024/09/27');
insert into t_clientes (id_cliente, nome_cli, regiao, email_cli, data_cadastro) values (20, 'Bordie Parken', 'rr', 'bparkenj@php.net', '2023/10/29');
insert into t_clientes (id_cliente, nome_cli, regiao, email_cli, data_cadastro) values (21, 'Kenn Stanton', 'mg', 'kstantonk@mapquest.com', '2024/03/18');
insert into t_clientes (id_cliente, nome_cli, regiao, email_cli, data_cadastro) values (22, 'Marci Freebury', 'pb', 'mfreeburyl@yellowbook.com', '2022/05/30');
insert into t_clientes (id_cliente, nome_cli, regiao, email_cli, data_cadastro) values (23, 'Lazare Assinder', 'go', 'lassinderm@patch.com', '2023/09/09');
insert into t_clientes (id_cliente, nome_cli, regiao, email_cli, data_cadastro) values (24, 'Gerladina Jahns', 'ma', 'gjahnsn@desdev.cn', '2024/05/13');
insert into t_clientes (id_cliente, nome_cli, regiao, email_cli, data_cadastro) values (25, 'Estell Tunnock', 'sc', 'etunnocko@twitter.com', '2025/01/18');
insert into t_clientes (id_cliente, nome_cli, regiao, email_cli, data_cadastro) values (26, 'Sheila MacSorley', 'pr', 'smacsorleyp@meetup.com', '2023/02/13');
insert into t_clientes (id_cliente, nome_cli, regiao, email_cli, data_cadastro) values (27, 'Ashley Cadreman', 'mt', 'acadremanq@washingtonpost.com', '2023/03/05');
insert into t_clientes (id_cliente, nome_cli, regiao, email_cli, data_cadastro) values (28, 'Ashleigh Ledwitch', 'sc', 'aledwitchr@businessinsider.com', '2023/12/01');
insert into t_clientes (id_cliente, nome_cli, regiao, email_cli, data_cadastro) values (29, 'Harcourt Sawart', 'pr', 'hsawarts@weibo.com', '2022/06/29');
insert into t_clientes (id_cliente, nome_cli, regiao, email_cli, data_cadastro) values (30, 'Helena Cameron', 'se', 'hcameront@buzzfeed.com', '2022/10/02');
insert into t_clientes (id_cliente, nome_cli, regiao, email_cli, data_cadastro) values (31, 'Gena Rumble', 'rn', 'grumbleu@columbia.edu', '2024/07/13');
insert into t_clientes (id_cliente, nome_cli, regiao, email_cli, data_cadastro) values (32, 'Dyna Trathen', 'go', 'dtrathenv@myspace.com', '2022/06/04');
insert into t_clientes (id_cliente, nome_cli, regiao, email_cli, data_cadastro) values (33, 'Terencio Kalinovich', 'pr', 'tkalinovichw@csmonitor.com', '2024/02/01');
insert into t_clientes (id_cliente, nome_cli, regiao, email_cli, data_cadastro) values (34, 'Charlot Coy', 'ce', 'ccoyx@latimes.com', '2023/04/03');
insert into t_clientes (id_cliente, nome_cli, regiao, email_cli, data_cadastro) values (35, 'Hoebart Mertel', 'ro', 'hmertely@webmd.com', '2023/09/25');
insert into t_clientes (id_cliente, nome_cli, regiao, email_cli, data_cadastro) values (36, 'Verney Simounet', 'ms', 'vsimounetz@privacy.gov.au', '2025/01/13');
insert into t_clientes (id_cliente, nome_cli, regiao, email_cli, data_cadastro) values (37, 'Annis Janczak', 'ma', 'ajanczak10@chron.com', '2023/10/02');
insert into t_clientes (id_cliente, nome_cli, regiao, email_cli, data_cadastro) values (38, 'Jaime Freddi', 'go', 'jfreddi11@netscape.com', '2022/05/23');
insert into t_clientes (id_cliente, nome_cli, regiao, email_cli, data_cadastro) values (39, 'Berne McGarel', 'ro', 'bmcgarel12@timesonline.co.uk', '2024/10/21');
insert into t_clientes (id_cliente, nome_cli, regiao, email_cli, data_cadastro) values (40, 'Gearard Emerine', 'es', 'gemerine13@slideshare.net', '2024/08/09');
insert into t_clientes (id_cliente, nome_cli, regiao, email_cli, data_cadastro) values (41, 'Abby Mansell', 'ce', 'amansell14@quantcast.com', '2022/08/03');
insert into t_clientes (id_cliente, nome_cli, regiao, email_cli, data_cadastro) values (42, 'Byron Franciskiewicz', 'ba', 'bfranciskiewicz15@mtv.com', '2024/04/01');
insert into t_clientes (id_cliente, nome_cli, regiao, email_cli, data_cadastro) values (43, 'Vanny Bienvenu', 'ce', 'vbienvenu16@facebook.com', '2022/01/31');
insert into t_clientes (id_cliente, nome_cli, regiao, email_cli, data_cadastro) values (44, 'Elie Tewkesberrie', 'ce', 'etewkesberrie17@hubpages.com', '2024/11/18');
insert into t_clientes (id_cliente, nome_cli, regiao, email_cli, data_cadastro) values (45, 'Euphemia Dawkins', 'ma', 'edawkins18@businessinsider.com', '2023/10/14');
insert into t_clientes (id_cliente, nome_cli, regiao, email_cli, data_cadastro) values (46, 'Allyson Druitt', 'ce', 'adruitt19@opera.com', '2024/04/17');
insert into t_clientes (id_cliente, nome_cli, regiao, email_cli, data_cadastro) values (47, 'Michelle Levet', 'pa', 'mlevet1a@example.com', '2022/05/21');
insert into t_clientes (id_cliente, nome_cli, regiao, email_cli, data_cadastro) values (48, 'Ellwood Astle', 'ms', 'eastle1b@delicious.com', '2022/03/19');
insert into t_clientes (id_cliente, nome_cli, regiao, email_cli, data_cadastro) values (49, 'Aguste McCutcheon', 'sc', 'amccutcheon1c@arizona.edu', '2024/06/23');
insert into t_clientes (id_cliente, nome_cli, regiao, email_cli, data_cadastro) values (50, 'Davon Gascone', 'mg', 'dgascone1d@github.com', '2024/01/01');
insert into t_clientes (id_cliente, nome_cli, regiao, email_cli, data_cadastro) values (51, 'Penny Heathwood', 'pe', 'pheathwood1e@skyrock.com', '2024/12/29');
insert into t_clientes (id_cliente, nome_cli, regiao, email_cli, data_cadastro) values (52, 'Edgardo Deesly', 'sp', 'edeesly1f@sitemeter.com', '2023/03/14');
insert into t_clientes (id_cliente, nome_cli, regiao, email_cli, data_cadastro) values (53, 'Rowen Sandcraft', 'ro', 'rsandcraft1g@istockphoto.com', '2024/07/13');
insert into t_clientes (id_cliente, nome_cli, regiao, email_cli, data_cadastro) values (54, 'Alayne Hadingham', 'sc', 'ahadingham1h@xing.com', '2024/09/04');
insert into t_clientes (id_cliente, nome_cli, regiao, email_cli, data_cadastro) values (55, 'Carver Vanshin', 'pe', 'cvanshin1i@yale.edu', '2024/04/13');
insert into t_clientes (id_cliente, nome_cli, regiao, email_cli, data_cadastro) values (56, 'Thibaud Malyon', 'pe', 'tmalyon1j@smugmug.com', '2022/11/28');
insert into t_clientes (id_cliente, nome_cli, regiao, email_cli, data_cadastro) values (57, 'Britney Bines', 'se', 'bbines1k@epa.gov', '2023/08/24');
insert into t_clientes (id_cliente, nome_cli, regiao, email_cli, data_cadastro) values (58, 'Waneta Gunthorp', 'al', 'wgunthorp1l@altervista.org', '2024/11/23');
insert into t_clientes (id_cliente, nome_cli, regiao, email_cli, data_cadastro) values (59, 'Callean Kempton', 'sc', 'ckempton1m@ed.gov', '2024/05/06');
insert into t_clientes (id_cliente, nome_cli, regiao, email_cli, data_cadastro) values (60, 'Nissa Town', 'pi', 'ntown1n@liveinternet.ru', '2022/12/20');
insert into t_clientes (id_cliente, nome_cli, regiao, email_cli, data_cadastro) values (61, 'Jay Winborn', 'es', 'jwinborn1o@slashdot.org', '2022/10/17');
insert into t_clientes (id_cliente, nome_cli, regiao, email_cli, data_cadastro) values (62, 'Basil Laxton', 'rs', 'blaxton1p@earthlink.net', '2023/04/28');
insert into t_clientes (id_cliente, nome_cli, regiao, email_cli, data_cadastro) values (63, 'Ike Raubenheimer', 'pi', 'iraubenheimer1q@alibaba.com', '2024/12/08');
insert into t_clientes (id_cliente, nome_cli, regiao, email_cli, data_cadastro) values (64, 'Marlon Patifield', 'go', 'mpatifield1r@psu.edu', '2024/05/09');
insert into t_clientes (id_cliente, nome_cli, regiao, email_cli, data_cadastro) values (65, 'Hermione Pickford', 'ba', 'hpickford1s@nifty.com', '2023/05/25');
insert into t_clientes (id_cliente, nome_cli, regiao, email_cli, data_cadastro) values (66, 'Annice Tremouille', 'to', 'atremouille1t@intel.com', '2024/11/08');
insert into t_clientes (id_cliente, nome_cli, regiao, email_cli, data_cadastro) values (67, 'Fawne Bellocht', 'ce', 'fbellocht1u@statcounter.com', '2024/04/09');
insert into t_clientes (id_cliente, nome_cli, regiao, email_cli, data_cadastro) values (68, 'Horatia Townshend', 'mg', 'htownshend1v@usatoday.com', '2024/12/15');
insert into t_clientes (id_cliente, nome_cli, regiao, email_cli, data_cadastro) values (69, 'Garrott Tingley', 'df', 'gtingley1w@eepurl.com', '2023/03/26');
insert into t_clientes (id_cliente, nome_cli, regiao, email_cli, data_cadastro) values (70, 'Celka Veare', 'rj', 'cveare1x@mapquest.com', '2022/05/13');
insert into t_clientes (id_cliente, nome_cli, regiao, email_cli, data_cadastro) values (71, 'Ev Spurge', 'df', 'espurge1y@hostgator.com', '2022/11/14');
insert into t_clientes (id_cliente, nome_cli, regiao, email_cli, data_cadastro) values (72, 'Sigfried Western', 'pb', 'swestern1z@lycos.com', '2022/02/03');
insert into t_clientes (id_cliente, nome_cli, regiao, email_cli, data_cadastro) values (73, 'Emelda Scollick', 'rj', 'escollick20@sakura.ne.jp', '2022/04/22');
insert into t_clientes (id_cliente, nome_cli, regiao, email_cli, data_cadastro) values (74, 'Benton Dodamead', 'rs', 'bdodamead21@java.com', '2022/09/10');
insert into t_clientes (id_cliente, nome_cli, regiao, email_cli, data_cadastro) values (75, 'Enrichetta Wittman', 'es', 'ewittman22@ca.gov', '2024/02/11');
insert into t_clientes (id_cliente, nome_cli, regiao, email_cli, data_cadastro) values (76, 'Meghan Coleyshaw', 'ro', 'mcoleyshaw23@jiathis.com', '2023/01/02');
insert into t_clientes (id_cliente, nome_cli, regiao, email_cli, data_cadastro) values (77, 'Zondra Dunaway', 'sc', 'zdunaway24@webeden.co.uk', '2023/09/24');
insert into t_clientes (id_cliente, nome_cli, regiao, email_cli, data_cadastro) values (78, 'Nollie Ashpole', 'ms', 'nashpole25@tripadvisor.com', '2022/10/02');
insert into t_clientes (id_cliente, nome_cli, regiao, email_cli, data_cadastro) values (79, 'Jordana Dee', 'sc', 'jdee26@indiatimes.com', '2022/06/07');
insert into t_clientes (id_cliente, nome_cli, regiao, email_cli, data_cadastro) values (80, 'Briney Andersch', 'to', 'bandersch27@cnbc.com', '2024/07/11');
insert into t_clientes (id_cliente, nome_cli, regiao, email_cli, data_cadastro) values (81, 'Giustina Gameson', 'ap', 'ggameson28@umich.edu', '2023/03/10');
insert into t_clientes (id_cliente, nome_cli, regiao, email_cli, data_cadastro) values (82, 'Sloan Gouthier', 'ms', 'sgouthier29@google.co.uk', '2022/07/03');
insert into t_clientes (id_cliente, nome_cli, regiao, email_cli, data_cadastro) values (83, 'Consolata BURWIN', 'df', 'cburwin2a@so-net.ne.jp', '2024/11/24');
insert into t_clientes (id_cliente, nome_cli, regiao, email_cli, data_cadastro) values (84, 'Beltran Beeck', 'pr', 'bbeeck2b@soup.io', '2025/01/29');
insert into t_clientes (id_cliente, nome_cli, regiao, email_cli, data_cadastro) values (85, 'Finn Ornillos', 'ac', 'fornillos2c@theglobeandmail.com', '2024/11/17');
insert into t_clientes (id_cliente, nome_cli, regiao, email_cli, data_cadastro) values (86, 'Luella Bunworth', 'rs', 'lbunworth2d@nba.com', '2024/06/17');
insert into t_clientes (id_cliente, nome_cli, regiao, email_cli, data_cadastro) values (87, 'Merrel Monteaux', 'pi', 'mmonteaux2e@google.ca', '2022/03/21');
insert into t_clientes (id_cliente, nome_cli, regiao, email_cli, data_cadastro) values (88, 'Charmian Redfearn', 'sc', 'credfearn2f@cnet.com', '2022/03/13');
insert into t_clientes (id_cliente, nome_cli, regiao, email_cli, data_cadastro) values (89, 'Marylinda Ianilli', 'mg', 'mianilli2g@whitehouse.gov', '2024/08/24');
insert into t_clientes (id_cliente, nome_cli, regiao, email_cli, data_cadastro) values (90, 'Briny Morrott', 'go', 'bmorrott2h@google.it', '2022/03/23');
insert into t_clientes (id_cliente, nome_cli, regiao, email_cli, data_cadastro) values (91, 'Aliza Duff', 'ba', 'aduff2i@51.la', '2023/01/27');
insert into t_clientes (id_cliente, nome_cli, regiao, email_cli, data_cadastro) values (92, 'Ario Knell', 'am', 'aknell2j@elpais.com', '2023/03/17');
insert into t_clientes (id_cliente, nome_cli, regiao, email_cli, data_cadastro) values (93, 'Joyann Elintune', 'ma', 'jelintune2k@amazon.co.uk', '2023/07/29');
insert into t_clientes (id_cliente, nome_cli, regiao, email_cli, data_cadastro) values (94, 'Amie Teresa', 'to', 'ateresa2l@elegantthemes.com', '2023/01/06');
insert into t_clientes (id_cliente, nome_cli, regiao, email_cli, data_cadastro) values (95, 'Basilio MacGinlay', 'es', 'bmacginlay2m@yelp.com', '2024/12/27');
insert into t_clientes (id_cliente, nome_cli, regiao, email_cli, data_cadastro) values (96, 'Aryn Dunklee', 'pa', 'adunklee2n@sina.com.cn', '2022/05/15');
insert into t_clientes (id_cliente, nome_cli, regiao, email_cli, data_cadastro) values (97, 'Kelley Batteson', 'ac', 'kbatteson2o@tuttocitta.it', '2024/11/12');
insert into t_clientes (id_cliente, nome_cli, regiao, email_cli, data_cadastro) values (98, 'Jolie Gopsall', 'to', 'jgopsall2p@sciencedirect.com', '2024/06/26');
insert into t_clientes (id_cliente, nome_cli, regiao, email_cli, data_cadastro) values (99, 'Lesli Kiljan', 'se', 'lkiljan2q@com.com', '2024/09/26');
insert into t_clientes (id_cliente, nome_cli, regiao, email_cli, data_cadastro) values (100, 'Cristian Arkow', 'sc', 'carkow2r@posterous.com', '2024/02/22');



--------------------> Base de dados para tabela t_produtos <--------------------


INSERT INTO t_produtos (id_produto, nome_prod, descricao_prod, preco_prod, estoque_prod) VALUES
(1, 'Camiseta', 'Camiseta de algodão, tamanho M', 29.90, 100),
(2, 'Calça Jeans', 'Calça jeans masculina, tamanho 42', 89.90, 50),
(3, 'Tênis Esportivo', 'Tênis para corrida, modelo X', 199.90, 30),
(4, 'Blusa de Frio', 'Blusa de frio unisex, tamanho G', 79.90, 60),
(5, 'Relógio Digital', 'Relógio digital, modelo esportivo', 149.90, 20),
(6, 'Mochila', 'Mochila de couro, modelo executivo', 119.90, 40),
(7, 'Óculos de Sol', 'Óculos de sol, proteção UV', 69.90, 15),
(8, 'Tênis Casual', 'Tênis casual, modelo confortável', 129.90, 50),
(9, 'Jaqueta de Couro', 'Jaqueta de couro, modelo slim', 299.90, 25),
(10, 'Chapéu', 'Chapéu de palha, verão', 39.90, 70),
(11, 'Tênis de Skate', 'Tênis para skate, resistente', 159.90, 40),
(12, 'Jaqueta Bomber', 'Jaqueta bomber, estilo streetwear', 129.90, 35),
(13, 'Shorts', 'Shorts feminino, tamanho P', 49.90, 60),
(14, 'Saia', 'Saia curta, modelo casual', 59.90, 50),
(15, 'Bermuda', 'Bermuda masculina, modelo verão', 69.90, 40),
(16, 'Blusa Polo', 'Blusa polo, modelo slim', 89.90, 45),
(17, 'Tênis Converse', 'Tênis Converse All Star', 179.90, 15),
(18, 'Casaco de Lã', 'Casaco de lã, modelo inverno', 159.90, 20),
(19, 'Bota de Couro', 'Bota de couro, modelo inverno', 219.90, 30),
(20, 'Boné', 'Boné de aba reta, modelo street', 29.90, 80),
(21, 'Camisa de Futebol', 'Camisa de futebol, time X', 79.90, 50),
(22, 'Tênis Nike', 'Tênis Nike Air Max, modelo esportivo', 299.90, 40),
(23, 'Bermuda de Praia', 'Bermuda masculina, modelo praia', 49.90, 60),
(24, 'Blusa de Moletom', 'Blusa de moletom, modelo confortável', 79.90, 70),
(25, 'Chinelo', 'Chinelo de borracha, confortável', 19.90, 120),
(26, 'Mochila Escolar', 'Mochila escolar, com compartimento para notebook', 89.90, 80),
(27, 'Calça Legging', 'Calça legging feminina, tamanho M', 59.90, 55),
(28, 'Tênis Casual', 'Tênis casual, modelo feminino', 129.90, 40),
(29, 'Cinto de Couro', 'Cinto de couro, modelo clássico', 49.90, 90),
(30, 'Jaqueta Jeans', 'Jaqueta jeans masculina, modelo slim', 169.90, 60),
(31, 'Bermuda de Carga', 'Bermuda masculina, modelo cargo', 89.90, 50),
(32, 'Blusa de Manga Longa', 'Blusa de manga longa, modelo casual', 59.90, 80),
(33, 'Sapatênis', 'Sapatênis, modelo casual', 139.90, 30),
(34, 'Calça Jogger', 'Calça jogger, modelo feminino', 79.90, 50),
(35, 'Chapéu Panamá', 'Chapéu panamá, modelo verão', 99.90, 40),
(36, 'Camiseta Polo', 'Camiseta polo, modelo clássico', 69.90, 70),
(37, 'Boné de Couro', 'Boné de couro, estilo street', 79.90, 60),
(38, 'Camisa Social', 'Camisa social masculina, modelo slim', 119.90, 50),
(39, 'Tênis New Balance', 'Tênis New Balance, modelo esportivo', 299.90, 30),
(40, 'Casaco de Inverno', 'Casaco de inverno, modelo quente', 179.90, 40),
(41, 'Relógio de Pulso', 'Relógio de pulso, modelo moderno', 199.90, 20),
(42, 'Jaqueta de Neve', 'Jaqueta de neve, impermeável', 249.90, 15),
(43, 'Camiseta Estampada', 'Camiseta estampada, modelo casual', 39.90, 100),
(44, 'Tênis Adidas', 'Tênis Adidas, modelo running', 249.90, 30),
(45, 'Saia Longa', 'Saia longa, modelo casual', 89.90, 45),
(46, 'Camiseta Regata', 'Camiseta regata masculina', 49.90, 50),
(47, 'Cinto Masculino', 'Cinto masculino, modelo clássico', 39.90, 90),
(48, 'Tênis Vans', 'Tênis Vans, modelo casual', 159.90, 30),
(49, 'Tênis Skechers', 'Tênis Skechers, modelo confortável', 199.90, 25),
(50, 'Jaqueta de Couro', 'Jaqueta de couro, modelo vintage', 349.90, 10),
(51, 'Blusa de Neve', 'Blusa de neve, para clima frio', 129.90, 50),
(52, 'Mochila de Viagem', 'Mochila de viagem, modelo 30L', 159.90, 40),
(53, 'Camiseta de Time', 'Camiseta de time, modelo oficial', 69.90, 60),
(54, 'Saia Curta', 'Saia curta, modelo moderno', 49.90, 70),
(55, 'Tênis Puma', 'Tênis Puma, modelo running', 229.90, 40),
(56, 'Blusa de Frio Feminina', 'Blusa de frio feminina, modelo casual', 89.90, 45),
(57, 'Botas de Neve', 'Botas de neve, modelo impermeável', 259.90, 15),
(58, 'Bermuda Cargo', 'Bermuda cargo masculina', 89.90, 50),
(59, 'Tênis Reebok', 'Tênis Reebok, modelo fitness', 199.90, 25),
(60, 'Jaqueta de Pluma', 'Jaqueta de pluma, para o inverno', 279.90, 20),
(61, 'Casaco de Lã Feminino', 'Casaco de lã feminino, estilo inverno', 189.90, 30),
(62, 'Sunga', 'Sunga masculina, modelo praia', 29.90, 100),
(63, 'Camiseta de Manga Curta', 'Camiseta de manga curta, modelo casual', 29.90, 120),
(64, 'Tênis de Corrida', 'Tênis de corrida, confortável', 159.90, 40),
(65, 'Vestido Longo', 'Vestido longo feminino, casual', 129.90, 50),
(66, 'Mochila de Couro', 'Mochila de couro, estilo executivo', 199.90, 30),
(67, 'Calça de Sarja', 'Calça de sarja, modelo slim', 79.90, 60),
(68, 'Tênis Mizuno', 'Tênis Mizuno, modelo esportivo', 239.90, 25),
(69, 'Blusa de Frio Masculina', 'Blusa de frio masculina, modelo simples', 99.90, 60),
(70, 'Jaqueta de Couro Feminina', 'Jaqueta de couro feminina, modelo slim', 319.90, 15),
(71, 'Calça de Moletom', 'Calça de moletom, para o inverno', 69.90, 40),
(72, 'Chapéu de Verão', 'Chapéu de verão, modelo praia', 39.90, 80),
(73, 'Tênis de Skate', 'Tênis de skate, modelo casual', 169.90, 50),
(74, 'Blusa de Malha', 'Blusa de malha, modelo casual', 59.90, 70),
(75, 'Jaqueta de Algodão', 'Jaqueta de algodão, modelo confortável', 159.90, 20),
(76, 'Camisa de Manga Longa', 'Camisa de manga longa, modelo elegante', 119.90, 50),
(77, 'Sapatilha Feminina', 'Sapatilha feminina, modelo casual', 79.90, 60),
(78, 'Calça de Couro', 'Calça de couro, modelo slim', 199.90, 30),
(79, 'Casaco Masculino', 'Casaco masculino, estilo inverno', 129.90, 40),
(80, 'Camiseta Básica', 'Camiseta básica masculina, modelo simples', 29.90, 100);


--------------------> Base de dados para tabela t_funcionarios <--------------------


INSERT INTO t_funcionarios (id_funci, nome_funci, cargo_funci, salario_funci, data_contratacao) VALUES
(1, 'Carlos Alberto', 'Gerente', 5000.00, '2020-01-10'),
(2, 'Luciana Pereira', 'Vendedor', 2000.00, '2020-02-15'),
(3, 'Roberto Lima', 'Vendedor', 2000.00, '2020-03-20'),
(4, 'Fernanda Rocha', 'Analista de Marketing', 3000.00, '2020-04-05'),
(5, 'Juliana Costa', 'Assistente Financeiro', 2500.00, '2020-05-25'),
(6, 'Marcos Oliveira', 'Assistente Administrativo', 2200.00, '2020-06-12'),
(7, 'Renato Silva', 'Gerente de Vendas', 4500.00, '2020-07-01'),
(8, 'Aline Santos', 'Assistente de TI', 2800.00, '2020-08-18'),
(9, 'Rodrigo Ferreira', 'Diretor Comercial', 8000.00, '2020-09-30'),
(10, 'Eliane Almeida', 'Secretária', 1800.00, '2020-10-15'),
(11, 'Gabriel Santos', 'Assistente de Marketing', 2500.00, '2021-01-10'),
(12, 'Camila Souza', 'Vendedora', 2200.00, '2021-02-15'),
(13, 'Eduardo Lima', 'Gerente de TI', 5500.00, '2021-03-20'),
(14, 'Patricia Martins', 'Analista de Recursos Humanos', 3500.00, '2021-04-10'),
(15, 'Felipe Costa', 'Assistente de Vendas', 2300.00, '2021-05-05'),
(16, 'Ana Paula Rocha', 'Coordenadora de Logística', 4000.00, '2021-06-25'),
(17, 'Vinícius Oliveira', 'Analista de Sistemas', 3800.00, '2021-07-15'),
(18, 'Mariana Ferreira', 'Assistente Financeiro', 2700.00, '2021-08-01'),
(19, 'Ricardo Alves', 'Supervisor de Produção', 4200.00, '2021-09-10'),
(20, 'Juliana Pereira', 'Assistente Administrativo', 2200.00, '2021-10-05');



--------------------> Base de dados para tabela t_itens_pedido <--------------------


insert into t_itens_pedido (id_iten, id_pedido, id_produto, qtd_produto) values (1, 31, 37, 6);
insert into t_itens_pedido (id_iten, id_pedido, id_produto, qtd_produto) values (2, 140, 41, 4);
insert into t_itens_pedido (id_iten, id_pedido, id_produto, qtd_produto) values (3, 87, 19, 7);
insert into t_itens_pedido (id_iten, id_pedido, id_produto, qtd_produto) values (4, 23, 52, 1);
insert into t_itens_pedido (id_iten, id_pedido, id_produto, qtd_produto) values (5, 203, 40, 4);
insert into t_itens_pedido (id_iten, id_pedido, id_produto, qtd_produto) values (6, 81, 11, 1);
insert into t_itens_pedido (id_iten, id_pedido, id_produto, qtd_produto) values (7, 20, 41, 4);
insert into t_itens_pedido (id_iten, id_pedido, id_produto, qtd_produto) values (8, 232, 13, 1);
insert into t_itens_pedido (id_iten, id_pedido, id_produto, qtd_produto) values (9, 229, 26, 6);
insert into t_itens_pedido (id_iten, id_pedido, id_produto, qtd_produto) values (10, 122, 18, 4);
insert into t_itens_pedido (id_iten, id_pedido, id_produto, qtd_produto) values (11, 102, 17, 1);
insert into t_itens_pedido (id_iten, id_pedido, id_produto, qtd_produto) values (12, 55, 23, 5);
insert into t_itens_pedido (id_iten, id_pedido, id_produto, qtd_produto) values (13, 82, 42, 4);
insert into t_itens_pedido (id_iten, id_pedido, id_produto, qtd_produto) values (14, 222, 15, 6);
insert into t_itens_pedido (id_iten, id_pedido, id_produto, qtd_produto) values (15, 198, 9, 3);
insert into t_itens_pedido (id_iten, id_pedido, id_produto, qtd_produto) values (16, 91, 71, 6);
insert into t_itens_pedido (id_iten, id_pedido, id_produto, qtd_produto) values (17, 220, 22, 5);
insert into t_itens_pedido (id_iten, id_pedido, id_produto, qtd_produto) values (18, 128, 78, 2);
insert into t_itens_pedido (id_iten, id_pedido, id_produto, qtd_produto) values (19, 32, 38, 5);
insert into t_itens_pedido (id_iten, id_pedido, id_produto, qtd_produto) values (20, 55, 30, 6);
insert into t_itens_pedido (id_iten, id_pedido, id_produto, qtd_produto) values (21, 185, 36, 4);
insert into t_itens_pedido (id_iten, id_pedido, id_produto, qtd_produto) values (22, 19, 53, 5);
insert into t_itens_pedido (id_iten, id_pedido, id_produto, qtd_produto) values (23, 92, 24, 2);
insert into t_itens_pedido (id_iten, id_pedido, id_produto, qtd_produto) values (24, 171, 6, 6);
insert into t_itens_pedido (id_iten, id_pedido, id_produto, qtd_produto) values (25, 170, 28, 6);
insert into t_itens_pedido (id_iten, id_pedido, id_produto, qtd_produto) values (26, 90, 11, 2);
insert into t_itens_pedido (id_iten, id_pedido, id_produto, qtd_produto) values (27, 91, 77, 2);
insert into t_itens_pedido (id_iten, id_pedido, id_produto, qtd_produto) values (28, 122, 20, 6);
insert into t_itens_pedido (id_iten, id_pedido, id_produto, qtd_produto) values (29, 223, 30, 7);
insert into t_itens_pedido (id_iten, id_pedido, id_produto, qtd_produto) values (30, 81, 22, 1);
insert into t_itens_pedido (id_iten, id_pedido, id_produto, qtd_produto) values (31, 78, 59, 5);
insert into t_itens_pedido (id_iten, id_pedido, id_produto, qtd_produto) values (32, 139, 48, 3);
insert into t_itens_pedido (id_iten, id_pedido, id_produto, qtd_produto) values (33, 151, 9, 6);
insert into t_itens_pedido (id_iten, id_pedido, id_produto, qtd_produto) values (34, 140, 3, 6);
insert into t_itens_pedido (id_iten, id_pedido, id_produto, qtd_produto) values (35, 190, 65, 3);
insert into t_itens_pedido (id_iten, id_pedido, id_produto, qtd_produto) values (36, 135, 71, 6);
insert into t_itens_pedido (id_iten, id_pedido, id_produto, qtd_produto) values (37, 86, 25, 5);
insert into t_itens_pedido (id_iten, id_pedido, id_produto, qtd_produto) values (38, 178, 66, 1);
insert into t_itens_pedido (id_iten, id_pedido, id_produto, qtd_produto) values (39, 233, 59, 2);
insert into t_itens_pedido (id_iten, id_pedido, id_produto, qtd_produto) values (40, 26, 73, 6);
insert into t_itens_pedido (id_iten, id_pedido, id_produto, qtd_produto) values (41, 163, 10, 1);
insert into t_itens_pedido (id_iten, id_pedido, id_produto, qtd_produto) values (42, 146, 54, 1);
insert into t_itens_pedido (id_iten, id_pedido, id_produto, qtd_produto) values (43, 148, 1, 6);
insert into t_itens_pedido (id_iten, id_pedido, id_produto, qtd_produto) values (44, 134, 1, 6);
insert into t_itens_pedido (id_iten, id_pedido, id_produto, qtd_produto) values (45, 183, 46, 4);
insert into t_itens_pedido (id_iten, id_pedido, id_produto, qtd_produto) values (46, 176, 69, 7);
insert into t_itens_pedido (id_iten, id_pedido, id_produto, qtd_produto) values (47, 148, 45, 5);
insert into t_itens_pedido (id_iten, id_pedido, id_produto, qtd_produto) values (48, 165, 60, 5);
insert into t_itens_pedido (id_iten, id_pedido, id_produto, qtd_produto) values (49, 177, 66, 2);
insert into t_itens_pedido (id_iten, id_pedido, id_produto, qtd_produto) values (50, 153, 58, 6);
insert into t_itens_pedido (id_iten, id_pedido, id_produto, qtd_produto) values (51, 82, 18, 3);
insert into t_itens_pedido (id_iten, id_pedido, id_produto, qtd_produto) values (52, 235, 59, 7);
insert into t_itens_pedido (id_iten, id_pedido, id_produto, qtd_produto) values (53, 66, 76, 2);
insert into t_itens_pedido (id_iten, id_pedido, id_produto, qtd_produto) values (54, 166, 36, 3);
insert into t_itens_pedido (id_iten, id_pedido, id_produto, qtd_produto) values (55, 86, 74, 2);
insert into t_itens_pedido (id_iten, id_pedido, id_produto, qtd_produto) values (56, 103, 48, 5);
insert into t_itens_pedido (id_iten, id_pedido, id_produto, qtd_produto) values (57, 54, 35, 3);
insert into t_itens_pedido (id_iten, id_pedido, id_produto, qtd_produto) values (58, 86, 45, 6);
insert into t_itens_pedido (id_iten, id_pedido, id_produto, qtd_produto) values (59, 170, 17, 2);
insert into t_itens_pedido (id_iten, id_pedido, id_produto, qtd_produto) values (60, 5, 30, 1);
insert into t_itens_pedido (id_iten, id_pedido, id_produto, qtd_produto) values (61, 69, 62, 6);
insert into t_itens_pedido (id_iten, id_pedido, id_produto, qtd_produto) values (62, 89, 33, 5);
insert into t_itens_pedido (id_iten, id_pedido, id_produto, qtd_produto) values (63, 215, 71, 1);
insert into t_itens_pedido (id_iten, id_pedido, id_produto, qtd_produto) values (64, 37, 7, 6);
insert into t_itens_pedido (id_iten, id_pedido, id_produto, qtd_produto) values (65, 154, 25, 6);
insert into t_itens_pedido (id_iten, id_pedido, id_produto, qtd_produto) values (66, 87, 15, 4);
insert into t_itens_pedido (id_iten, id_pedido, id_produto, qtd_produto) values (67, 219, 10, 6);
insert into t_itens_pedido (id_iten, id_pedido, id_produto, qtd_produto) values (68, 21, 41, 3);
insert into t_itens_pedido (id_iten, id_pedido, id_produto, qtd_produto) values (69, 9, 52, 7);
insert into t_itens_pedido (id_iten, id_pedido, id_produto, qtd_produto) values (70, 181, 78, 2);
insert into t_itens_pedido (id_iten, id_pedido, id_produto, qtd_produto) values (71, 9, 46, 4);
insert into t_itens_pedido (id_iten, id_pedido, id_produto, qtd_produto) values (72, 237, 44, 6);
insert into t_itens_pedido (id_iten, id_pedido, id_produto, qtd_produto) values (73, 248, 54, 3);
insert into t_itens_pedido (id_iten, id_pedido, id_produto, qtd_produto) values (74, 201, 22, 2);
insert into t_itens_pedido (id_iten, id_pedido, id_produto, qtd_produto) values (75, 132, 20, 5);
insert into t_itens_pedido (id_iten, id_pedido, id_produto, qtd_produto) values (76, 66, 65, 2);
insert into t_itens_pedido (id_iten, id_pedido, id_produto, qtd_produto) values (77, 139, 12, 3);
insert into t_itens_pedido (id_iten, id_pedido, id_produto, qtd_produto) values (78, 26, 33, 5);
insert into t_itens_pedido (id_iten, id_pedido, id_produto, qtd_produto) values (79, 41, 2, 4);
insert into t_itens_pedido (id_iten, id_pedido, id_produto, qtd_produto) values (80, 67, 51, 2);
insert into t_itens_pedido (id_iten, id_pedido, id_produto, qtd_produto) values (81, 41, 41, 6);
insert into t_itens_pedido (id_iten, id_pedido, id_produto, qtd_produto) values (82, 97, 78, 2);
insert into t_itens_pedido (id_iten, id_pedido, id_produto, qtd_produto) values (83, 4, 7, 1);
insert into t_itens_pedido (id_iten, id_pedido, id_produto, qtd_produto) values (84, 133, 19, 6);
insert into t_itens_pedido (id_iten, id_pedido, id_produto, qtd_produto) values (85, 91, 67, 4);
insert into t_itens_pedido (id_iten, id_pedido, id_produto, qtd_produto) values (86, 244, 5, 7);
insert into t_itens_pedido (id_iten, id_pedido, id_produto, qtd_produto) values (87, 227, 31, 7);
insert into t_itens_pedido (id_iten, id_pedido, id_produto, qtd_produto) values (88, 71, 29, 4);
insert into t_itens_pedido (id_iten, id_pedido, id_produto, qtd_produto) values (89, 214, 37, 7);
insert into t_itens_pedido (id_iten, id_pedido, id_produto, qtd_produto) values (90, 99, 46, 2);
insert into t_itens_pedido (id_iten, id_pedido, id_produto, qtd_produto) values (91, 101, 74, 4);
insert into t_itens_pedido (id_iten, id_pedido, id_produto, qtd_produto) values (92, 114, 24, 2);
insert into t_itens_pedido (id_iten, id_pedido, id_produto, qtd_produto) values (93, 57, 2, 1);
insert into t_itens_pedido (id_iten, id_pedido, id_produto, qtd_produto) values (94, 232, 65, 5);
insert into t_itens_pedido (id_iten, id_pedido, id_produto, qtd_produto) values (95, 178, 65, 6);
insert into t_itens_pedido (id_iten, id_pedido, id_produto, qtd_produto) values (96, 191, 61, 4);
insert into t_itens_pedido (id_iten, id_pedido, id_produto, qtd_produto) values (97, 44, 33, 1);
insert into t_itens_pedido (id_iten, id_pedido, id_produto, qtd_produto) values (98, 18, 50, 4);
insert into t_itens_pedido (id_iten, id_pedido, id_produto, qtd_produto) values (99, 157, 48, 1);
insert into t_itens_pedido (id_iten, id_pedido, id_produto, qtd_produto) values (100, 120, 68, 7);
insert into t_itens_pedido (id_iten, id_pedido, id_produto, qtd_produto) values (101, 52, 32, 2);
insert into t_itens_pedido (id_iten, id_pedido, id_produto, qtd_produto) values (102, 158, 41, 4);
insert into t_itens_pedido (id_iten, id_pedido, id_produto, qtd_produto) values (103, 170, 69, 4);
insert into t_itens_pedido (id_iten, id_pedido, id_produto, qtd_produto) values (104, 119, 55, 2);
insert into t_itens_pedido (id_iten, id_pedido, id_produto, qtd_produto) values (105, 118, 7, 5);
insert into t_itens_pedido (id_iten, id_pedido, id_produto, qtd_produto) values (106, 119, 11, 1);
insert into t_itens_pedido (id_iten, id_pedido, id_produto, qtd_produto) values (107, 125, 50, 2);
insert into t_itens_pedido (id_iten, id_pedido, id_produto, qtd_produto) values (108, 213, 41, 5);
insert into t_itens_pedido (id_iten, id_pedido, id_produto, qtd_produto) values (109, 51, 61, 7);
insert into t_itens_pedido (id_iten, id_pedido, id_produto, qtd_produto) values (110, 108, 55, 7);
insert into t_itens_pedido (id_iten, id_pedido, id_produto, qtd_produto) values (111, 34, 32, 6);
insert into t_itens_pedido (id_iten, id_pedido, id_produto, qtd_produto) values (112, 236, 30, 5);
insert into t_itens_pedido (id_iten, id_pedido, id_produto, qtd_produto) values (113, 65, 46, 6);
insert into t_itens_pedido (id_iten, id_pedido, id_produto, qtd_produto) values (114, 68, 40, 4);
insert into t_itens_pedido (id_iten, id_pedido, id_produto, qtd_produto) values (115, 104, 46, 1);
insert into t_itens_pedido (id_iten, id_pedido, id_produto, qtd_produto) values (116, 66, 53, 4);
insert into t_itens_pedido (id_iten, id_pedido, id_produto, qtd_produto) values (117, 194, 2, 3);
insert into t_itens_pedido (id_iten, id_pedido, id_produto, qtd_produto) values (118, 30, 48, 4);
insert into t_itens_pedido (id_iten, id_pedido, id_produto, qtd_produto) values (119, 126, 53, 6);
insert into t_itens_pedido (id_iten, id_pedido, id_produto, qtd_produto) values (120, 234, 46, 4);
insert into t_itens_pedido (id_iten, id_pedido, id_produto, qtd_produto) values (121, 239, 71, 4);
insert into t_itens_pedido (id_iten, id_pedido, id_produto, qtd_produto) values (122, 245, 23, 7);
insert into t_itens_pedido (id_iten, id_pedido, id_produto, qtd_produto) values (123, 55, 31, 3);
insert into t_itens_pedido (id_iten, id_pedido, id_produto, qtd_produto) values (124, 46, 55, 6);
insert into t_itens_pedido (id_iten, id_pedido, id_produto, qtd_produto) values (125, 85, 2, 6);
insert into t_itens_pedido (id_iten, id_pedido, id_produto, qtd_produto) values (126, 244, 13, 4);
insert into t_itens_pedido (id_iten, id_pedido, id_produto, qtd_produto) values (127, 102, 58, 7);
insert into t_itens_pedido (id_iten, id_pedido, id_produto, qtd_produto) values (128, 247, 79, 7);
insert into t_itens_pedido (id_iten, id_pedido, id_produto, qtd_produto) values (129, 58, 19, 1);
insert into t_itens_pedido (id_iten, id_pedido, id_produto, qtd_produto) values (130, 245, 20, 4);
insert into t_itens_pedido (id_iten, id_pedido, id_produto, qtd_produto) values (131, 59, 46, 5);
insert into t_itens_pedido (id_iten, id_pedido, id_produto, qtd_produto) values (132, 3, 17, 3);
insert into t_itens_pedido (id_iten, id_pedido, id_produto, qtd_produto) values (133, 43, 4, 2);
insert into t_itens_pedido (id_iten, id_pedido, id_produto, qtd_produto) values (134, 189, 48, 2);
insert into t_itens_pedido (id_iten, id_pedido, id_produto, qtd_produto) values (135, 4, 9, 6);
insert into t_itens_pedido (id_iten, id_pedido, id_produto, qtd_produto) values (136, 191, 34, 3);
insert into t_itens_pedido (id_iten, id_pedido, id_produto, qtd_produto) values (137, 115, 13, 1);
insert into t_itens_pedido (id_iten, id_pedido, id_produto, qtd_produto) values (138, 148, 16, 5);
insert into t_itens_pedido (id_iten, id_pedido, id_produto, qtd_produto) values (139, 240, 10, 7);
insert into t_itens_pedido (id_iten, id_pedido, id_produto, qtd_produto) values (140, 137, 4, 5);
insert into t_itens_pedido (id_iten, id_pedido, id_produto, qtd_produto) values (141, 119, 29, 1);
insert into t_itens_pedido (id_iten, id_pedido, id_produto, qtd_produto) values (142, 36, 75, 3);
insert into t_itens_pedido (id_iten, id_pedido, id_produto, qtd_produto) values (143, 67, 29, 1);
insert into t_itens_pedido (id_iten, id_pedido, id_produto, qtd_produto) values (144, 29, 71, 3);
insert into t_itens_pedido (id_iten, id_pedido, id_produto, qtd_produto) values (145, 10, 80, 7);
insert into t_itens_pedido (id_iten, id_pedido, id_produto, qtd_produto) values (146, 200, 72, 5);
insert into t_itens_pedido (id_iten, id_pedido, id_produto, qtd_produto) values (147, 154, 13, 3);
insert into t_itens_pedido (id_iten, id_pedido, id_produto, qtd_produto) values (148, 43, 70, 4);
insert into t_itens_pedido (id_iten, id_pedido, id_produto, qtd_produto) values (149, 29, 61, 5);
insert into t_itens_pedido (id_iten, id_pedido, id_produto, qtd_produto) values (150, 70, 76, 7);
insert into t_itens_pedido (id_iten, id_pedido, id_produto, qtd_produto) values (151, 134, 3, 6);
insert into t_itens_pedido (id_iten, id_pedido, id_produto, qtd_produto) values (152, 234, 61, 6);
insert into t_itens_pedido (id_iten, id_pedido, id_produto, qtd_produto) values (153, 122, 72, 1);
insert into t_itens_pedido (id_iten, id_pedido, id_produto, qtd_produto) values (154, 82, 40, 5);
insert into t_itens_pedido (id_iten, id_pedido, id_produto, qtd_produto) values (155, 119, 44, 2);
insert into t_itens_pedido (id_iten, id_pedido, id_produto, qtd_produto) values (156, 141, 39, 2);
insert into t_itens_pedido (id_iten, id_pedido, id_produto, qtd_produto) values (157, 71, 79, 7);
insert into t_itens_pedido (id_iten, id_pedido, id_produto, qtd_produto) values (158, 91, 8, 5);
insert into t_itens_pedido (id_iten, id_pedido, id_produto, qtd_produto) values (159, 105, 34, 2);
insert into t_itens_pedido (id_iten, id_pedido, id_produto, qtd_produto) values (160, 127, 22, 1);
insert into t_itens_pedido (id_iten, id_pedido, id_produto, qtd_produto) values (161, 1, 24, 6);
insert into t_itens_pedido (id_iten, id_pedido, id_produto, qtd_produto) values (162, 120, 65, 6);
insert into t_itens_pedido (id_iten, id_pedido, id_produto, qtd_produto) values (163, 147, 37, 4);
insert into t_itens_pedido (id_iten, id_pedido, id_produto, qtd_produto) values (164, 170, 64, 3);
insert into t_itens_pedido (id_iten, id_pedido, id_produto, qtd_produto) values (165, 152, 23, 2);
insert into t_itens_pedido (id_iten, id_pedido, id_produto, qtd_produto) values (166, 162, 46, 6);
insert into t_itens_pedido (id_iten, id_pedido, id_produto, qtd_produto) values (167, 125, 72, 5);
insert into t_itens_pedido (id_iten, id_pedido, id_produto, qtd_produto) values (168, 144, 6, 6);
insert into t_itens_pedido (id_iten, id_pedido, id_produto, qtd_produto) values (169, 186, 46, 3);
insert into t_itens_pedido (id_iten, id_pedido, id_produto, qtd_produto) values (170, 123, 57, 7);
insert into t_itens_pedido (id_iten, id_pedido, id_produto, qtd_produto) values (171, 41, 26, 5);
insert into t_itens_pedido (id_iten, id_pedido, id_produto, qtd_produto) values (172, 118, 6, 5);
insert into t_itens_pedido (id_iten, id_pedido, id_produto, qtd_produto) values (173, 41, 4, 6);
insert into t_itens_pedido (id_iten, id_pedido, id_produto, qtd_produto) values (174, 237, 35, 6);
insert into t_itens_pedido (id_iten, id_pedido, id_produto, qtd_produto) values (175, 186, 45, 4);
insert into t_itens_pedido (id_iten, id_pedido, id_produto, qtd_produto) values (176, 44, 14, 2);
insert into t_itens_pedido (id_iten, id_pedido, id_produto, qtd_produto) values (177, 64, 20, 1);
insert into t_itens_pedido (id_iten, id_pedido, id_produto, qtd_produto) values (178, 128, 2, 7);
insert into t_itens_pedido (id_iten, id_pedido, id_produto, qtd_produto) values (179, 230, 20, 2);
insert into t_itens_pedido (id_iten, id_pedido, id_produto, qtd_produto) values (180, 106, 42, 2);
insert into t_itens_pedido (id_iten, id_pedido, id_produto, qtd_produto) values (181, 237, 45, 1);
insert into t_itens_pedido (id_iten, id_pedido, id_produto, qtd_produto) values (182, 121, 21, 1);
insert into t_itens_pedido (id_iten, id_pedido, id_produto, qtd_produto) values (183, 80, 73, 2);
insert into t_itens_pedido (id_iten, id_pedido, id_produto, qtd_produto) values (184, 213, 26, 2);
insert into t_itens_pedido (id_iten, id_pedido, id_produto, qtd_produto) values (185, 64, 75, 6);
insert into t_itens_pedido (id_iten, id_pedido, id_produto, qtd_produto) values (186, 158, 74, 7);
insert into t_itens_pedido (id_iten, id_pedido, id_produto, qtd_produto) values (187, 33, 18, 6);
insert into t_itens_pedido (id_iten, id_pedido, id_produto, qtd_produto) values (188, 134, 25, 2);
insert into t_itens_pedido (id_iten, id_pedido, id_produto, qtd_produto) values (189, 247, 27, 7);
insert into t_itens_pedido (id_iten, id_pedido, id_produto, qtd_produto) values (190, 184, 7, 5);
insert into t_itens_pedido (id_iten, id_pedido, id_produto, qtd_produto) values (191, 139, 14, 6);
insert into t_itens_pedido (id_iten, id_pedido, id_produto, qtd_produto) values (192, 107, 78, 4);
insert into t_itens_pedido (id_iten, id_pedido, id_produto, qtd_produto) values (193, 167, 1, 5);
insert into t_itens_pedido (id_iten, id_pedido, id_produto, qtd_produto) values (194, 193, 25, 2);
insert into t_itens_pedido (id_iten, id_pedido, id_produto, qtd_produto) values (195, 140, 41, 2);
insert into t_itens_pedido (id_iten, id_pedido, id_produto, qtd_produto) values (196, 95, 53, 5);
insert into t_itens_pedido (id_iten, id_pedido, id_produto, qtd_produto) values (197, 183, 40, 6);
insert into t_itens_pedido (id_iten, id_pedido, id_produto, qtd_produto) values (198, 172, 25, 6);
insert into t_itens_pedido (id_iten, id_pedido, id_produto, qtd_produto) values (199, 39, 25, 7);
insert into t_itens_pedido (id_iten, id_pedido, id_produto, qtd_produto) values (200, 30, 18, 6);
insert into t_itens_pedido (id_iten, id_pedido, id_produto, qtd_produto) values (201, 41, 47, 2);
insert into t_itens_pedido (id_iten, id_pedido, id_produto, qtd_produto) values (202, 76, 78, 5);
insert into t_itens_pedido (id_iten, id_pedido, id_produto, qtd_produto) values (203, 32, 64, 7);
insert into t_itens_pedido (id_iten, id_pedido, id_produto, qtd_produto) values (204, 11, 50, 1);
insert into t_itens_pedido (id_iten, id_pedido, id_produto, qtd_produto) values (205, 13, 19, 2);
insert into t_itens_pedido (id_iten, id_pedido, id_produto, qtd_produto) values (206, 143, 20, 1);
insert into t_itens_pedido (id_iten, id_pedido, id_produto, qtd_produto) values (207, 26, 50, 4);
insert into t_itens_pedido (id_iten, id_pedido, id_produto, qtd_produto) values (208, 43, 52, 1);
insert into t_itens_pedido (id_iten, id_pedido, id_produto, qtd_produto) values (209, 181, 50, 2);
insert into t_itens_pedido (id_iten, id_pedido, id_produto, qtd_produto) values (210, 225, 76, 3);
insert into t_itens_pedido (id_iten, id_pedido, id_produto, qtd_produto) values (211, 178, 29, 2);
insert into t_itens_pedido (id_iten, id_pedido, id_produto, qtd_produto) values (212, 220, 75, 6);
insert into t_itens_pedido (id_iten, id_pedido, id_produto, qtd_produto) values (213, 47, 37, 6);
insert into t_itens_pedido (id_iten, id_pedido, id_produto, qtd_produto) values (214, 123, 59, 2);
insert into t_itens_pedido (id_iten, id_pedido, id_produto, qtd_produto) values (215, 193, 19, 4);
insert into t_itens_pedido (id_iten, id_pedido, id_produto, qtd_produto) values (216, 97, 10, 7);
insert into t_itens_pedido (id_iten, id_pedido, id_produto, qtd_produto) values (217, 23, 7, 4);
insert into t_itens_pedido (id_iten, id_pedido, id_produto, qtd_produto) values (218, 217, 5, 1);
insert into t_itens_pedido (id_iten, id_pedido, id_produto, qtd_produto) values (219, 175, 79, 7);
insert into t_itens_pedido (id_iten, id_pedido, id_produto, qtd_produto) values (220, 127, 4, 1);
insert into t_itens_pedido (id_iten, id_pedido, id_produto, qtd_produto) values (221, 56, 42, 7);
insert into t_itens_pedido (id_iten, id_pedido, id_produto, qtd_produto) values (222, 206, 74, 2);
insert into t_itens_pedido (id_iten, id_pedido, id_produto, qtd_produto) values (223, 175, 60, 6);
insert into t_itens_pedido (id_iten, id_pedido, id_produto, qtd_produto) values (224, 3, 47, 4);
insert into t_itens_pedido (id_iten, id_pedido, id_produto, qtd_produto) values (225, 101, 31, 7);
insert into t_itens_pedido (id_iten, id_pedido, id_produto, qtd_produto) values (226, 137, 39, 1);
insert into t_itens_pedido (id_iten, id_pedido, id_produto, qtd_produto) values (227, 190, 60, 5);
insert into t_itens_pedido (id_iten, id_pedido, id_produto, qtd_produto) values (228, 169, 68, 5);
insert into t_itens_pedido (id_iten, id_pedido, id_produto, qtd_produto) values (229, 162, 36, 2);
insert into t_itens_pedido (id_iten, id_pedido, id_produto, qtd_produto) values (230, 136, 11, 7);
insert into t_itens_pedido (id_iten, id_pedido, id_produto, qtd_produto) values (231, 123, 78, 4);
insert into t_itens_pedido (id_iten, id_pedido, id_produto, qtd_produto) values (232, 120, 10, 2);
insert into t_itens_pedido (id_iten, id_pedido, id_produto, qtd_produto) values (233, 89, 35, 1);
insert into t_itens_pedido (id_iten, id_pedido, id_produto, qtd_produto) values (234, 200, 44, 7);
insert into t_itens_pedido (id_iten, id_pedido, id_produto, qtd_produto) values (235, 79, 38, 3);
insert into t_itens_pedido (id_iten, id_pedido, id_produto, qtd_produto) values (236, 227, 45, 6);
insert into t_itens_pedido (id_iten, id_pedido, id_produto, qtd_produto) values (237, 160, 20, 5);
insert into t_itens_pedido (id_iten, id_pedido, id_produto, qtd_produto) values (238, 182, 60, 4);
insert into t_itens_pedido (id_iten, id_pedido, id_produto, qtd_produto) values (239, 233, 25, 4);
insert into t_itens_pedido (id_iten, id_pedido, id_produto, qtd_produto) values (240, 230, 50, 1);
insert into t_itens_pedido (id_iten, id_pedido, id_produto, qtd_produto) values (241, 89, 8, 5);
insert into t_itens_pedido (id_iten, id_pedido, id_produto, qtd_produto) values (242, 5, 67, 7);
insert into t_itens_pedido (id_iten, id_pedido, id_produto, qtd_produto) values (243, 45, 23, 5);
insert into t_itens_pedido (id_iten, id_pedido, id_produto, qtd_produto) values (244, 133, 19, 3);
insert into t_itens_pedido (id_iten, id_pedido, id_produto, qtd_produto) values (245, 242, 50, 5);
insert into t_itens_pedido (id_iten, id_pedido, id_produto, qtd_produto) values (246, 188, 18, 4);
insert into t_itens_pedido (id_iten, id_pedido, id_produto, qtd_produto) values (247, 98, 73, 6);
insert into t_itens_pedido (id_iten, id_pedido, id_produto, qtd_produto) values (248, 170, 57, 1);
insert into t_itens_pedido (id_iten, id_pedido, id_produto, qtd_produto) values (249, 82, 37, 5);
insert into t_itens_pedido (id_iten, id_pedido, id_produto, qtd_produto) values (250, 222, 25, 6);
insert into t_itens_pedido (id_iten, id_pedido, id_produto, qtd_produto) values (251, 68, 64, 2);
insert into t_itens_pedido (id_iten, id_pedido, id_produto, qtd_produto) values (252, 206, 70, 7);
insert into t_itens_pedido (id_iten, id_pedido, id_produto, qtd_produto) values (253, 119, 61, 2);
insert into t_itens_pedido (id_iten, id_pedido, id_produto, qtd_produto) values (254, 250, 30, 5);
insert into t_itens_pedido (id_iten, id_pedido, id_produto, qtd_produto) values (255, 250, 3, 2);
insert into t_itens_pedido (id_iten, id_pedido, id_produto, qtd_produto) values (256, 90, 26, 6);
insert into t_itens_pedido (id_iten, id_pedido, id_produto, qtd_produto) values (257, 70, 66, 4);
insert into t_itens_pedido (id_iten, id_pedido, id_produto, qtd_produto) values (258, 68, 56, 7);
insert into t_itens_pedido (id_iten, id_pedido, id_produto, qtd_produto) values (259, 68, 15, 2);
insert into t_itens_pedido (id_iten, id_pedido, id_produto, qtd_produto) values (260, 206, 65, 5);
insert into t_itens_pedido (id_iten, id_pedido, id_produto, qtd_produto) values (261, 243, 78, 4);
insert into t_itens_pedido (id_iten, id_pedido, id_produto, qtd_produto) values (262, 86, 66, 1);
insert into t_itens_pedido (id_iten, id_pedido, id_produto, qtd_produto) values (263, 123, 34, 1);
insert into t_itens_pedido (id_iten, id_pedido, id_produto, qtd_produto) values (264, 189, 46, 2);
insert into t_itens_pedido (id_iten, id_pedido, id_produto, qtd_produto) values (265, 245, 16, 1);
insert into t_itens_pedido (id_iten, id_pedido, id_produto, qtd_produto) values (266, 179, 60, 7);
insert into t_itens_pedido (id_iten, id_pedido, id_produto, qtd_produto) values (267, 133, 25, 3);
insert into t_itens_pedido (id_iten, id_pedido, id_produto, qtd_produto) values (268, 97, 53, 7);
insert into t_itens_pedido (id_iten, id_pedido, id_produto, qtd_produto) values (269, 31, 37, 7);
insert into t_itens_pedido (id_iten, id_pedido, id_produto, qtd_produto) values (270, 57, 18, 2);
insert into t_itens_pedido (id_iten, id_pedido, id_produto, qtd_produto) values (271, 87, 63, 4);
insert into t_itens_pedido (id_iten, id_pedido, id_produto, qtd_produto) values (272, 106, 79, 7);
insert into t_itens_pedido (id_iten, id_pedido, id_produto, qtd_produto) values (273, 12, 32, 2);
insert into t_itens_pedido (id_iten, id_pedido, id_produto, qtd_produto) values (274, 237, 79, 3);
insert into t_itens_pedido (id_iten, id_pedido, id_produto, qtd_produto) values (275, 33, 10, 4);
insert into t_itens_pedido (id_iten, id_pedido, id_produto, qtd_produto) values (276, 112, 41, 7);
insert into t_itens_pedido (id_iten, id_pedido, id_produto, qtd_produto) values (277, 61, 24, 2);
insert into t_itens_pedido (id_iten, id_pedido, id_produto, qtd_produto) values (278, 172, 10, 5);
insert into t_itens_pedido (id_iten, id_pedido, id_produto, qtd_produto) values (279, 119, 29, 1);
insert into t_itens_pedido (id_iten, id_pedido, id_produto, qtd_produto) values (280, 154, 6, 1);
insert into t_itens_pedido (id_iten, id_pedido, id_produto, qtd_produto) values (281, 73, 56, 5);
insert into t_itens_pedido (id_iten, id_pedido, id_produto, qtd_produto) values (282, 209, 77, 1);
insert into t_itens_pedido (id_iten, id_pedido, id_produto, qtd_produto) values (283, 150, 51, 7);
insert into t_itens_pedido (id_iten, id_pedido, id_produto, qtd_produto) values (284, 16, 26, 6);
insert into t_itens_pedido (id_iten, id_pedido, id_produto, qtd_produto) values (285, 122, 17, 1);
insert into t_itens_pedido (id_iten, id_pedido, id_produto, qtd_produto) values (286, 138, 77, 3);
insert into t_itens_pedido (id_iten, id_pedido, id_produto, qtd_produto) values (287, 193, 22, 1);
insert into t_itens_pedido (id_iten, id_pedido, id_produto, qtd_produto) values (288, 108, 74, 1);
insert into t_itens_pedido (id_iten, id_pedido, id_produto, qtd_produto) values (289, 80, 43, 5);
insert into t_itens_pedido (id_iten, id_pedido, id_produto, qtd_produto) values (290, 52, 11, 7);
insert into t_itens_pedido (id_iten, id_pedido, id_produto, qtd_produto) values (291, 162, 45, 4);
insert into t_itens_pedido (id_iten, id_pedido, id_produto, qtd_produto) values (292, 109, 68, 2);
insert into t_itens_pedido (id_iten, id_pedido, id_produto, qtd_produto) values (293, 70, 24, 4);
insert into t_itens_pedido (id_iten, id_pedido, id_produto, qtd_produto) values (294, 217, 22, 4);
insert into t_itens_pedido (id_iten, id_pedido, id_produto, qtd_produto) values (295, 221, 80, 2);
insert into t_itens_pedido (id_iten, id_pedido, id_produto, qtd_produto) values (296, 87, 79, 5);
insert into t_itens_pedido (id_iten, id_pedido, id_produto, qtd_produto) values (297, 133, 4, 3);
insert into t_itens_pedido (id_iten, id_pedido, id_produto, qtd_produto) values (298, 64, 24, 1);
insert into t_itens_pedido (id_iten, id_pedido, id_produto, qtd_produto) values (299, 85, 66, 5);
insert into t_itens_pedido (id_iten, id_pedido, id_produto, qtd_produto) values (300, 9, 79, 1);
insert into t_itens_pedido (id_iten, id_pedido, id_produto, qtd_produto) values (301, 227, 69, 6);
insert into t_itens_pedido (id_iten, id_pedido, id_produto, qtd_produto) values (302, 192, 21, 3);
insert into t_itens_pedido (id_iten, id_pedido, id_produto, qtd_produto) values (303, 167, 39, 1);
insert into t_itens_pedido (id_iten, id_pedido, id_produto, qtd_produto) values (304, 7, 51, 4);
insert into t_itens_pedido (id_iten, id_pedido, id_produto, qtd_produto) values (305, 56, 63, 4);
insert into t_itens_pedido (id_iten, id_pedido, id_produto, qtd_produto) values (306, 70, 60, 7);
insert into t_itens_pedido (id_iten, id_pedido, id_produto, qtd_produto) values (307, 94, 62, 4);
insert into t_itens_pedido (id_iten, id_pedido, id_produto, qtd_produto) values (308, 19, 44, 2);
insert into t_itens_pedido (id_iten, id_pedido, id_produto, qtd_produto) values (309, 15, 44, 3);
insert into t_itens_pedido (id_iten, id_pedido, id_produto, qtd_produto) values (310, 198, 72, 7);
insert into t_itens_pedido (id_iten, id_pedido, id_produto, qtd_produto) values (311, 249, 19, 4);
insert into t_itens_pedido (id_iten, id_pedido, id_produto, qtd_produto) values (312, 2, 50, 3);
insert into t_itens_pedido (id_iten, id_pedido, id_produto, qtd_produto) values (313, 158, 78, 4);
insert into t_itens_pedido (id_iten, id_pedido, id_produto, qtd_produto) values (314, 77, 1, 1);
insert into t_itens_pedido (id_iten, id_pedido, id_produto, qtd_produto) values (315, 65, 64, 3);
insert into t_itens_pedido (id_iten, id_pedido, id_produto, qtd_produto) values (316, 176, 16, 1);
insert into t_itens_pedido (id_iten, id_pedido, id_produto, qtd_produto) values (317, 4, 21, 2);
insert into t_itens_pedido (id_iten, id_pedido, id_produto, qtd_produto) values (318, 167, 23, 7);
insert into t_itens_pedido (id_iten, id_pedido, id_produto, qtd_produto) values (319, 102, 57, 2);
insert into t_itens_pedido (id_iten, id_pedido, id_produto, qtd_produto) values (320, 248, 72, 3);
insert into t_itens_pedido (id_iten, id_pedido, id_produto, qtd_produto) values (321, 163, 15, 3);
insert into t_itens_pedido (id_iten, id_pedido, id_produto, qtd_produto) values (322, 27, 4, 3);
insert into t_itens_pedido (id_iten, id_pedido, id_produto, qtd_produto) values (323, 225, 41, 1);
insert into t_itens_pedido (id_iten, id_pedido, id_produto, qtd_produto) values (324, 110, 45, 7);
insert into t_itens_pedido (id_iten, id_pedido, id_produto, qtd_produto) values (325, 210, 29, 4);
insert into t_itens_pedido (id_iten, id_pedido, id_produto, qtd_produto) values (326, 89, 71, 7);
insert into t_itens_pedido (id_iten, id_pedido, id_produto, qtd_produto) values (327, 238, 54, 5);
insert into t_itens_pedido (id_iten, id_pedido, id_produto, qtd_produto) values (328, 181, 66, 7);
insert into t_itens_pedido (id_iten, id_pedido, id_produto, qtd_produto) values (329, 137, 20, 3);
insert into t_itens_pedido (id_iten, id_pedido, id_produto, qtd_produto) values (330, 165, 68, 5);
insert into t_itens_pedido (id_iten, id_pedido, id_produto, qtd_produto) values (331, 64, 4, 3);
insert into t_itens_pedido (id_iten, id_pedido, id_produto, qtd_produto) values (332, 101, 11, 4);
insert into t_itens_pedido (id_iten, id_pedido, id_produto, qtd_produto) values (333, 188, 62, 3);
insert into t_itens_pedido (id_iten, id_pedido, id_produto, qtd_produto) values (334, 25, 65, 7);
insert into t_itens_pedido (id_iten, id_pedido, id_produto, qtd_produto) values (335, 12, 25, 6);
insert into t_itens_pedido (id_iten, id_pedido, id_produto, qtd_produto) values (336, 78, 73, 7);
insert into t_itens_pedido (id_iten, id_pedido, id_produto, qtd_produto) values (337, 79, 55, 4);
insert into t_itens_pedido (id_iten, id_pedido, id_produto, qtd_produto) values (338, 4, 71, 2);
insert into t_itens_pedido (id_iten, id_pedido, id_produto, qtd_produto) values (339, 52, 34, 6);
insert into t_itens_pedido (id_iten, id_pedido, id_produto, qtd_produto) values (340, 11, 37, 5);
insert into t_itens_pedido (id_iten, id_pedido, id_produto, qtd_produto) values (341, 21, 23, 2);
insert into t_itens_pedido (id_iten, id_pedido, id_produto, qtd_produto) values (342, 216, 47, 7);
insert into t_itens_pedido (id_iten, id_pedido, id_produto, qtd_produto) values (343, 248, 30, 7);
insert into t_itens_pedido (id_iten, id_pedido, id_produto, qtd_produto) values (344, 94, 41, 7);
insert into t_itens_pedido (id_iten, id_pedido, id_produto, qtd_produto) values (345, 78, 26, 4);
insert into t_itens_pedido (id_iten, id_pedido, id_produto, qtd_produto) values (346, 102, 7, 2);
insert into t_itens_pedido (id_iten, id_pedido, id_produto, qtd_produto) values (347, 91, 57, 2);
insert into t_itens_pedido (id_iten, id_pedido, id_produto, qtd_produto) values (348, 201, 11, 3);
insert into t_itens_pedido (id_iten, id_pedido, id_produto, qtd_produto) values (349, 56, 44, 4);
insert into t_itens_pedido (id_iten, id_pedido, id_produto, qtd_produto) values (350, 141, 44, 7);


--------------------> Base de dados para tabela t_pedidos <--------------------


insert into t_pedidos (id_pedido, id_cliente, data_pedido, status_pedido) values (1, 41, '2023/10/24', 'a caminho');
insert into t_pedidos (id_pedido, id_cliente, data_pedido, status_pedido) values (2, 36, '2023/11/28', 'em analise');
insert into t_pedidos (id_pedido, id_cliente, data_pedido, status_pedido) values (3, 2, '2023/01/07', 'pagamento pendente');
insert into t_pedidos (id_pedido, id_cliente, data_pedido, status_pedido) values (4, 60, '2023/06/13', 'em analise');
insert into t_pedidos (id_pedido, id_cliente, data_pedido, status_pedido) values (5, 11, '2023/04/28', 'em analise');
insert into t_pedidos (id_pedido, id_cliente, data_pedido, status_pedido) values (6, 69, '2023/12/04', 'pagamento pendente');
insert into t_pedidos (id_pedido, id_cliente, data_pedido, status_pedido) values (7, 92, '2023/07/04', 'devolucao');
insert into t_pedidos (id_pedido, id_cliente, data_pedido, status_pedido) values (8, 46, '2023/08/24', 'devolucao');
insert into t_pedidos (id_pedido, id_cliente, data_pedido, status_pedido) values (9, 80, '2023/05/23', 'pagamento pendente');
insert into t_pedidos (id_pedido, id_cliente, data_pedido, status_pedido) values (10, 50, '2023/03/28', 'em analise');
insert into t_pedidos (id_pedido, id_cliente, data_pedido, status_pedido) values (11, 35, '2023/10/25', 'a caminho');
insert into t_pedidos (id_pedido, id_cliente, data_pedido, status_pedido) values (12, 99, '2023/08/22', 'em analise');
insert into t_pedidos (id_pedido, id_cliente, data_pedido, status_pedido) values (13, 83, '2023/10/30', 'pagamento pendente');
insert into t_pedidos (id_pedido, id_cliente, data_pedido, status_pedido) values (14, 16, '2023/03/04', 'devolucao');
insert into t_pedidos (id_pedido, id_cliente, data_pedido, status_pedido) values (15, 69, '2023/01/02', 'a caminho');
insert into t_pedidos (id_pedido, id_cliente, data_pedido, status_pedido) values (16, 65, '2023/04/02', 'em analise');
insert into t_pedidos (id_pedido, id_cliente, data_pedido, status_pedido) values (17, 9, '2023/01/15', 'entregue');
insert into t_pedidos (id_pedido, id_cliente, data_pedido, status_pedido) values (18, 30, '2023/09/10', 'a caminho');
insert into t_pedidos (id_pedido, id_cliente, data_pedido, status_pedido) values (19, 78, '2023/06/19', 'devolucao');
insert into t_pedidos (id_pedido, id_cliente, data_pedido, status_pedido) values (20, 35, '2023/07/08', 'a caminho');
insert into t_pedidos (id_pedido, id_cliente, data_pedido, status_pedido) values (21, 60, '2023/06/07', 'a caminho');
insert into t_pedidos (id_pedido, id_cliente, data_pedido, status_pedido) values (22, 19, '2023/04/14', 'devolucao');
insert into t_pedidos (id_pedido, id_cliente, data_pedido, status_pedido) values (23, 9, '2023/12/30', 'entregue');
insert into t_pedidos (id_pedido, id_cliente, data_pedido, status_pedido) values (24, 93, '2023/08/12', 'pagamento pendente');
insert into t_pedidos (id_pedido, id_cliente, data_pedido, status_pedido) values (25, 38, '2023/05/23', 'em analise');
insert into t_pedidos (id_pedido, id_cliente, data_pedido, status_pedido) values (26, 67, '2023/07/27', 'entregue');
insert into t_pedidos (id_pedido, id_cliente, data_pedido, status_pedido) values (27, 1, '2023/06/23', 'entregue');
insert into t_pedidos (id_pedido, id_cliente, data_pedido, status_pedido) values (28, 76, '2023/07/27', 'em analise');
insert into t_pedidos (id_pedido, id_cliente, data_pedido, status_pedido) values (29, 85, '2023/05/02', 'em analise');
insert into t_pedidos (id_pedido, id_cliente, data_pedido, status_pedido) values (30, 79, '2023/03/30', 'em analise');
insert into t_pedidos (id_pedido, id_cliente, data_pedido, status_pedido) values (31, 3, '2023/06/22', 'pagamento pendente');
insert into t_pedidos (id_pedido, id_cliente, data_pedido, status_pedido) values (32, 94, '2023/04/20', 'a caminho');
insert into t_pedidos (id_pedido, id_cliente, data_pedido, status_pedido) values (33, 63, '2023/11/14', 'pagamento pendente');
insert into t_pedidos (id_pedido, id_cliente, data_pedido, status_pedido) values (34, 3, '2023/05/25', 'entregue');
insert into t_pedidos (id_pedido, id_cliente, data_pedido, status_pedido) values (35, 14, '2023/03/17', 'em analise');
insert into t_pedidos (id_pedido, id_cliente, data_pedido, status_pedido) values (36, 82, '2023/05/24', 'em analise');
insert into t_pedidos (id_pedido, id_cliente, data_pedido, status_pedido) values (37, 94, '2023/06/25', 'a caminho');
insert into t_pedidos (id_pedido, id_cliente, data_pedido, status_pedido) values (38, 7, '2023/03/20', 'devolucao');
insert into t_pedidos (id_pedido, id_cliente, data_pedido, status_pedido) values (39, 1, '2023/01/30', 'em analise');
insert into t_pedidos (id_pedido, id_cliente, data_pedido, status_pedido) values (40, 14, '2023/01/13', 'em analise');
insert into t_pedidos (id_pedido, id_cliente, data_pedido, status_pedido) values (41, 49, '2023/10/13', 'entregue');
insert into t_pedidos (id_pedido, id_cliente, data_pedido, status_pedido) values (42, 9, '2023/05/29', 'entregue');
insert into t_pedidos (id_pedido, id_cliente, data_pedido, status_pedido) values (43, 98, '2023/03/16', 'devolucao');
insert into t_pedidos (id_pedido, id_cliente, data_pedido, status_pedido) values (44, 69, '2023/11/06', 'devolucao');
insert into t_pedidos (id_pedido, id_cliente, data_pedido, status_pedido) values (45, 96, '2023/12/23', 'a caminho');
insert into t_pedidos (id_pedido, id_cliente, data_pedido, status_pedido) values (46, 59, '2023/08/12', 'pagamento pendente');
insert into t_pedidos (id_pedido, id_cliente, data_pedido, status_pedido) values (47, 38, '2023/01/11', 'devolucao');
insert into t_pedidos (id_pedido, id_cliente, data_pedido, status_pedido) values (48, 8, '2023/04/25', 'pagamento pendente');
insert into t_pedidos (id_pedido, id_cliente, data_pedido, status_pedido) values (49, 1, '2023/06/09', 'entregue');
insert into t_pedidos (id_pedido, id_cliente, data_pedido, status_pedido) values (50, 46, '2023/05/10', 'devolucao');
insert into t_pedidos (id_pedido, id_cliente, data_pedido, status_pedido) values (51, 96, '2023/02/18', 'pagamento pendente');
insert into t_pedidos (id_pedido, id_cliente, data_pedido, status_pedido) values (52, 56, '2023/12/27', 'em analise');
insert into t_pedidos (id_pedido, id_cliente, data_pedido, status_pedido) values (53, 41, '2023/02/04', 'devolucao');
insert into t_pedidos (id_pedido, id_cliente, data_pedido, status_pedido) values (54, 10, '2023/02/07', 'pagamento pendente');
insert into t_pedidos (id_pedido, id_cliente, data_pedido, status_pedido) values (55, 7, '2023/03/28', 'devolucao');
insert into t_pedidos (id_pedido, id_cliente, data_pedido, status_pedido) values (56, 24, '2023/01/14', 'a caminho');
insert into t_pedidos (id_pedido, id_cliente, data_pedido, status_pedido) values (57, 87, '2023/07/09', 'a caminho');
insert into t_pedidos (id_pedido, id_cliente, data_pedido, status_pedido) values (58, 72, '2023/07/28', 'em analise');
insert into t_pedidos (id_pedido, id_cliente, data_pedido, status_pedido) values (59, 99, '2023/05/30', 'entregue');
insert into t_pedidos (id_pedido, id_cliente, data_pedido, status_pedido) values (60, 85, '2023/05/21', 'a caminho');
insert into t_pedidos (id_pedido, id_cliente, data_pedido, status_pedido) values (61, 13, '2023/11/30', 'pagamento pendente');
insert into t_pedidos (id_pedido, id_cliente, data_pedido, status_pedido) values (62, 73, '2023/01/26', 'a caminho');
insert into t_pedidos (id_pedido, id_cliente, data_pedido, status_pedido) values (63, 14, '2023/09/12', 'devolucao');
insert into t_pedidos (id_pedido, id_cliente, data_pedido, status_pedido) values (64, 63, '2023/02/02', 'em analise');
insert into t_pedidos (id_pedido, id_cliente, data_pedido, status_pedido) values (65, 72, '2023/10/29', 'em analise');
insert into t_pedidos (id_pedido, id_cliente, data_pedido, status_pedido) values (66, 61, '2023/10/26', 'a caminho');
insert into t_pedidos (id_pedido, id_cliente, data_pedido, status_pedido) values (67, 56, '2023/09/14', 'pagamento pendente');
insert into t_pedidos (id_pedido, id_cliente, data_pedido, status_pedido) values (68, 99, '2023/03/14', 'em analise');
insert into t_pedidos (id_pedido, id_cliente, data_pedido, status_pedido) values (69, 91, '2023/08/18', 'entregue');
insert into t_pedidos (id_pedido, id_cliente, data_pedido, status_pedido) values (70, 28, '2023/07/15', 'devolucao');
insert into t_pedidos (id_pedido, id_cliente, data_pedido, status_pedido) values (71, 40, '2023/01/24', 'devolucao');
insert into t_pedidos (id_pedido, id_cliente, data_pedido, status_pedido) values (72, 52, '2023/04/29', 'a caminho');
insert into t_pedidos (id_pedido, id_cliente, data_pedido, status_pedido) values (73, 67, '2023/06/09', 'a caminho');
insert into t_pedidos (id_pedido, id_cliente, data_pedido, status_pedido) values (74, 70, '2023/04/27', 'em analise');
insert into t_pedidos (id_pedido, id_cliente, data_pedido, status_pedido) values (75, 72, '2023/08/11', 'em analise');
insert into t_pedidos (id_pedido, id_cliente, data_pedido, status_pedido) values (76, 54, '2023/12/29', 'em analise');
insert into t_pedidos (id_pedido, id_cliente, data_pedido, status_pedido) values (77, 80, '2023/08/13', 'pagamento pendente');
insert into t_pedidos (id_pedido, id_cliente, data_pedido, status_pedido) values (78, 30, '2023/05/25', 'a caminho');
insert into t_pedidos (id_pedido, id_cliente, data_pedido, status_pedido) values (79, 45, '2023/10/06', 'entregue');
insert into t_pedidos (id_pedido, id_cliente, data_pedido, status_pedido) values (80, 94, '2023/06/03', 'a caminho');
insert into t_pedidos (id_pedido, id_cliente, data_pedido, status_pedido) values (81, 21, '2023/08/14', 'a caminho');
insert into t_pedidos (id_pedido, id_cliente, data_pedido, status_pedido) values (82, 8, '2023/11/09', 'a caminho');
insert into t_pedidos (id_pedido, id_cliente, data_pedido, status_pedido) values (83, 98, '2023/06/07', 'em analise');
insert into t_pedidos (id_pedido, id_cliente, data_pedido, status_pedido) values (84, 40, '2023/02/20', 'entregue');
insert into t_pedidos (id_pedido, id_cliente, data_pedido, status_pedido) values (85, 89, '2023/06/15', 'em analise');
insert into t_pedidos (id_pedido, id_cliente, data_pedido, status_pedido) values (86, 25, '2023/10/02', 'a caminho');
insert into t_pedidos (id_pedido, id_cliente, data_pedido, status_pedido) values (87, 78, '2023/03/09', 'em analise');
insert into t_pedidos (id_pedido, id_cliente, data_pedido, status_pedido) values (88, 29, '2023/04/29', 'a caminho');
insert into t_pedidos (id_pedido, id_cliente, data_pedido, status_pedido) values (89, 48, '2023/03/21', 'a caminho');
insert into t_pedidos (id_pedido, id_cliente, data_pedido, status_pedido) values (90, 100, '2023/10/14', 'entregue');
insert into t_pedidos (id_pedido, id_cliente, data_pedido, status_pedido) values (91, 25, '2023/12/29', 'em analise');
insert into t_pedidos (id_pedido, id_cliente, data_pedido, status_pedido) values (92, 19, '2023/09/27', 'devolucao');
insert into t_pedidos (id_pedido, id_cliente, data_pedido, status_pedido) values (93, 35, '2023/02/01', 'devolucao');
insert into t_pedidos (id_pedido, id_cliente, data_pedido, status_pedido) values (94, 56, '2023/08/20', 'a caminho');
insert into t_pedidos (id_pedido, id_cliente, data_pedido, status_pedido) values (95, 74, '2023/07/06', 'entregue');
insert into t_pedidos (id_pedido, id_cliente, data_pedido, status_pedido) values (96, 21, '2023/09/05', 'entregue');
insert into t_pedidos (id_pedido, id_cliente, data_pedido, status_pedido) values (97, 68, '2023/07/27', 'entregue');
insert into t_pedidos (id_pedido, id_cliente, data_pedido, status_pedido) values (98, 42, '2023/06/16', 'a caminho');
insert into t_pedidos (id_pedido, id_cliente, data_pedido, status_pedido) values (99, 74, '2023/02/23', 'em analise');
insert into t_pedidos (id_pedido, id_cliente, data_pedido, status_pedido) values (100, 58, '2023/09/19', 'entregue');
insert into t_pedidos (id_pedido, id_cliente, data_pedido, status_pedido) values (101, 84, '2023/12/26', 'entregue');
insert into t_pedidos (id_pedido, id_cliente, data_pedido, status_pedido) values (102, 4, '2023/12/26', 'pagamento pendente');
insert into t_pedidos (id_pedido, id_cliente, data_pedido, status_pedido) values (103, 3, '2023/07/05', 'em analise');
insert into t_pedidos (id_pedido, id_cliente, data_pedido, status_pedido) values (104, 8, '2023/10/10', 'devolucao');
insert into t_pedidos (id_pedido, id_cliente, data_pedido, status_pedido) values (105, 20, '2023/05/14', 'devolucao');
insert into t_pedidos (id_pedido, id_cliente, data_pedido, status_pedido) values (106, 34, '2023/07/25', 'a caminho');
insert into t_pedidos (id_pedido, id_cliente, data_pedido, status_pedido) values (107, 57, '2023/01/09', 'a caminho');
insert into t_pedidos (id_pedido, id_cliente, data_pedido, status_pedido) values (108, 51, '2023/01/02', 'a caminho');
insert into t_pedidos (id_pedido, id_cliente, data_pedido, status_pedido) values (109, 31, '2023/01/09', 'entregue');
insert into t_pedidos (id_pedido, id_cliente, data_pedido, status_pedido) values (110, 79, '2023/07/22', 'em analise');
insert into t_pedidos (id_pedido, id_cliente, data_pedido, status_pedido) values (111, 55, '2023/10/03', 'em analise');
insert into t_pedidos (id_pedido, id_cliente, data_pedido, status_pedido) values (112, 30, '2023/03/01', 'devolucao');
insert into t_pedidos (id_pedido, id_cliente, data_pedido, status_pedido) values (113, 39, '2023/12/14', 'pagamento pendente');
insert into t_pedidos (id_pedido, id_cliente, data_pedido, status_pedido) values (114, 3, '2023/11/01', 'em analise');
insert into t_pedidos (id_pedido, id_cliente, data_pedido, status_pedido) values (115, 51, '2023/01/02', 'pagamento pendente');
insert into t_pedidos (id_pedido, id_cliente, data_pedido, status_pedido) values (116, 82, '2023/11/20', 'devolucao');
insert into t_pedidos (id_pedido, id_cliente, data_pedido, status_pedido) values (117, 56, '2023/11/05', 'entregue');
insert into t_pedidos (id_pedido, id_cliente, data_pedido, status_pedido) values (118, 71, '2023/03/02', 'a caminho');
insert into t_pedidos (id_pedido, id_cliente, data_pedido, status_pedido) values (119, 92, '2023/08/16', 'devolucao');
insert into t_pedidos (id_pedido, id_cliente, data_pedido, status_pedido) values (120, 25, '2023/03/02', 'a caminho');
insert into t_pedidos (id_pedido, id_cliente, data_pedido, status_pedido) values (121, 75, '2023/07/20', 'a caminho');
insert into t_pedidos (id_pedido, id_cliente, data_pedido, status_pedido) values (122, 82, '2023/01/07', 'a caminho');
insert into t_pedidos (id_pedido, id_cliente, data_pedido, status_pedido) values (123, 68, '2023/10/24', 'devolucao');
insert into t_pedidos (id_pedido, id_cliente, data_pedido, status_pedido) values (124, 35, '2023/01/18', 'entregue');
insert into t_pedidos (id_pedido, id_cliente, data_pedido, status_pedido) values (125, 35, '2023/08/06', 'a caminho');
insert into t_pedidos (id_pedido, id_cliente, data_pedido, status_pedido) values (126, 80, '2023/07/30', 'pagamento pendente');
insert into t_pedidos (id_pedido, id_cliente, data_pedido, status_pedido) values (127, 85, '2023/05/29', 'a caminho');
insert into t_pedidos (id_pedido, id_cliente, data_pedido, status_pedido) values (128, 64, '2023/06/18', 'a caminho');
insert into t_pedidos (id_pedido, id_cliente, data_pedido, status_pedido) values (129, 61, '2023/06/05', 'em analise');
insert into t_pedidos (id_pedido, id_cliente, data_pedido, status_pedido) values (130, 11, '2023/06/26', 'em analise');
insert into t_pedidos (id_pedido, id_cliente, data_pedido, status_pedido) values (131, 57, '2023/08/18', 'em analise');
insert into t_pedidos (id_pedido, id_cliente, data_pedido, status_pedido) values (132, 70, '2023/11/17', 'pagamento pendente');
insert into t_pedidos (id_pedido, id_cliente, data_pedido, status_pedido) values (133, 58, '2023/09/16', 'em analise');
insert into t_pedidos (id_pedido, id_cliente, data_pedido, status_pedido) values (134, 94, '2023/09/17', 'pagamento pendente');
insert into t_pedidos (id_pedido, id_cliente, data_pedido, status_pedido) values (135, 56, '2023/11/05', 'a caminho');
insert into t_pedidos (id_pedido, id_cliente, data_pedido, status_pedido) values (136, 91, '2023/09/21', 'a caminho');
insert into t_pedidos (id_pedido, id_cliente, data_pedido, status_pedido) values (137, 9, '2023/07/12', 'em analise');
insert into t_pedidos (id_pedido, id_cliente, data_pedido, status_pedido) values (138, 22, '2023/10/11', 'em analise');
insert into t_pedidos (id_pedido, id_cliente, data_pedido, status_pedido) values (139, 53, '2023/04/07', 'em analise');
insert into t_pedidos (id_pedido, id_cliente, data_pedido, status_pedido) values (140, 41, '2023/06/10', 'em analise');
insert into t_pedidos (id_pedido, id_cliente, data_pedido, status_pedido) values (141, 65, '2023/07/31', 'devolucao');
insert into t_pedidos (id_pedido, id_cliente, data_pedido, status_pedido) values (142, 40, '2023/08/17', 'pagamento pendente');
insert into t_pedidos (id_pedido, id_cliente, data_pedido, status_pedido) values (143, 84, '2023/03/13', 'pagamento pendente');
insert into t_pedidos (id_pedido, id_cliente, data_pedido, status_pedido) values (144, 74, '2023/10/06', 'em analise');
insert into t_pedidos (id_pedido, id_cliente, data_pedido, status_pedido) values (145, 21, '2023/07/26', 'pagamento pendente');
insert into t_pedidos (id_pedido, id_cliente, data_pedido, status_pedido) values (146, 72, '2023/12/05', 'em analise');
insert into t_pedidos (id_pedido, id_cliente, data_pedido, status_pedido) values (147, 49, '2023/01/26', 'entregue');
insert into t_pedidos (id_pedido, id_cliente, data_pedido, status_pedido) values (148, 37, '2023/06/06', 'pagamento pendente');
insert into t_pedidos (id_pedido, id_cliente, data_pedido, status_pedido) values (149, 62, '2023/09/11', 'devolucao');
insert into t_pedidos (id_pedido, id_cliente, data_pedido, status_pedido) values (150, 56, '2023/05/23', 'a caminho');
insert into t_pedidos (id_pedido, id_cliente, data_pedido, status_pedido) values (151, 100, '2023/04/26', 'a caminho');
insert into t_pedidos (id_pedido, id_cliente, data_pedido, status_pedido) values (152, 12, '2023/03/17', 'devolucao');
insert into t_pedidos (id_pedido, id_cliente, data_pedido, status_pedido) values (153, 1, '2023/04/24', 'em analise');
insert into t_pedidos (id_pedido, id_cliente, data_pedido, status_pedido) values (154, 92, '2023/07/23', 'a caminho');
insert into t_pedidos (id_pedido, id_cliente, data_pedido, status_pedido) values (155, 3, '2023/09/12', 'em analise');
insert into t_pedidos (id_pedido, id_cliente, data_pedido, status_pedido) values (156, 8, '2023/08/28', 'entregue');
insert into t_pedidos (id_pedido, id_cliente, data_pedido, status_pedido) values (157, 89, '2023/01/27', 'pagamento pendente');
insert into t_pedidos (id_pedido, id_cliente, data_pedido, status_pedido) values (158, 13, '2023/11/10', 'devolucao');
insert into t_pedidos (id_pedido, id_cliente, data_pedido, status_pedido) values (159, 64, '2023/06/23', 'entregue');
insert into t_pedidos (id_pedido, id_cliente, data_pedido, status_pedido) values (160, 57, '2023/02/09', 'devolucao');
insert into t_pedidos (id_pedido, id_cliente, data_pedido, status_pedido) values (161, 46, '2023/11/15', 'devolucao');
insert into t_pedidos (id_pedido, id_cliente, data_pedido, status_pedido) values (162, 47, '2023/07/29', 'devolucao');
insert into t_pedidos (id_pedido, id_cliente, data_pedido, status_pedido) values (163, 24, '2023/07/24', 'em analise');
insert into t_pedidos (id_pedido, id_cliente, data_pedido, status_pedido) values (164, 6, '2023/06/04', 'devolucao');
insert into t_pedidos (id_pedido, id_cliente, data_pedido, status_pedido) values (165, 73, '2023/02/27', 'entregue');
insert into t_pedidos (id_pedido, id_cliente, data_pedido, status_pedido) values (166, 54, '2023/03/24', 'entregue');
insert into t_pedidos (id_pedido, id_cliente, data_pedido, status_pedido) values (167, 6, '2023/12/14', 'pagamento pendente');
insert into t_pedidos (id_pedido, id_cliente, data_pedido, status_pedido) values (168, 3, '2023/10/22', 'entregue');
insert into t_pedidos (id_pedido, id_cliente, data_pedido, status_pedido) values (169, 11, '2023/02/07', 'devolucao');
insert into t_pedidos (id_pedido, id_cliente, data_pedido, status_pedido) values (170, 74, '2023/10/02', 'entregue');
insert into t_pedidos (id_pedido, id_cliente, data_pedido, status_pedido) values (171, 18, '2023/05/08', 'em analise');
insert into t_pedidos (id_pedido, id_cliente, data_pedido, status_pedido) values (172, 39, '2023/05/17', 'entregue');
insert into t_pedidos (id_pedido, id_cliente, data_pedido, status_pedido) values (173, 25, '2023/01/12', 'devolucao');
insert into t_pedidos (id_pedido, id_cliente, data_pedido, status_pedido) values (174, 33, '2023/03/27', 'entregue');
insert into t_pedidos (id_pedido, id_cliente, data_pedido, status_pedido) values (175, 28, '2023/11/28', 'pagamento pendente');
insert into t_pedidos (id_pedido, id_cliente, data_pedido, status_pedido) values (176, 87, '2023/07/14', 'em analise');
insert into t_pedidos (id_pedido, id_cliente, data_pedido, status_pedido) values (177, 84, '2023/08/17', 'em analise');
insert into t_pedidos (id_pedido, id_cliente, data_pedido, status_pedido) values (178, 16, '2023/07/24', 'em analise');
insert into t_pedidos (id_pedido, id_cliente, data_pedido, status_pedido) values (179, 57, '2023/03/12', 'em analise');
insert into t_pedidos (id_pedido, id_cliente, data_pedido, status_pedido) values (180, 48, '2023/09/23', 'entregue');
insert into t_pedidos (id_pedido, id_cliente, data_pedido, status_pedido) values (181, 14, '2023/09/12', 'devolucao');
insert into t_pedidos (id_pedido, id_cliente, data_pedido, status_pedido) values (182, 52, '2023/07/19', 'entregue');
insert into t_pedidos (id_pedido, id_cliente, data_pedido, status_pedido) values (183, 52, '2023/08/09', 'entregue');
insert into t_pedidos (id_pedido, id_cliente, data_pedido, status_pedido) values (184, 100, '2023/08/20', 'em analise');
insert into t_pedidos (id_pedido, id_cliente, data_pedido, status_pedido) values (185, 27, '2023/11/05', 'entregue');
insert into t_pedidos (id_pedido, id_cliente, data_pedido, status_pedido) values (186, 69, '2023/10/27', 'entregue');
insert into t_pedidos (id_pedido, id_cliente, data_pedido, status_pedido) values (187, 26, '2023/01/22', 'devolucao');
insert into t_pedidos (id_pedido, id_cliente, data_pedido, status_pedido) values (188, 92, '2023/08/20', 'entregue');
insert into t_pedidos (id_pedido, id_cliente, data_pedido, status_pedido) values (189, 23, '2023/12/27', 'devolucao');
insert into t_pedidos (id_pedido, id_cliente, data_pedido, status_pedido) values (190, 17, '2023/09/08', 'a caminho');
insert into t_pedidos (id_pedido, id_cliente, data_pedido, status_pedido) values (191, 36, '2023/01/29', 'pagamento pendente');
insert into t_pedidos (id_pedido, id_cliente, data_pedido, status_pedido) values (192, 47, '2023/01/01', 'devolucao');
insert into t_pedidos (id_pedido, id_cliente, data_pedido, status_pedido) values (193, 9, '2023/04/04', 'a caminho');
insert into t_pedidos (id_pedido, id_cliente, data_pedido, status_pedido) values (194, 22, '2023/04/16', 'em analise');
insert into t_pedidos (id_pedido, id_cliente, data_pedido, status_pedido) values (195, 34, '2023/09/03', 'devolucao');
insert into t_pedidos (id_pedido, id_cliente, data_pedido, status_pedido) values (196, 56, '2023/08/01', 'pagamento pendente');
insert into t_pedidos (id_pedido, id_cliente, data_pedido, status_pedido) values (197, 10, '2023/08/03', 'devolucao');
insert into t_pedidos (id_pedido, id_cliente, data_pedido, status_pedido) values (198, 74, '2023/06/16', 'a caminho');
insert into t_pedidos (id_pedido, id_cliente, data_pedido, status_pedido) values (199, 95, '2023/07/02', 'entregue');
insert into t_pedidos (id_pedido, id_cliente, data_pedido, status_pedido) values (200, 100, '2023/07/07', 'a caminho');
insert into t_pedidos (id_pedido, id_cliente, data_pedido, status_pedido) values (201, 28, '2023/03/29', 'em analise');
insert into t_pedidos (id_pedido, id_cliente, data_pedido, status_pedido) values (202, 21, '2023/05/26', 'devolucao');
insert into t_pedidos (id_pedido, id_cliente, data_pedido, status_pedido) values (203, 92, '2023/11/12', 'entregue');
insert into t_pedidos (id_pedido, id_cliente, data_pedido, status_pedido) values (204, 32, '2023/04/15', 'entregue');
insert into t_pedidos (id_pedido, id_cliente, data_pedido, status_pedido) values (205, 27, '2023/11/16', 'a caminho');
insert into t_pedidos (id_pedido, id_cliente, data_pedido, status_pedido) values (206, 46, '2023/01/28', 'devolucao');
insert into t_pedidos (id_pedido, id_cliente, data_pedido, status_pedido) values (207, 76, '2023/11/08', 'a caminho');
insert into t_pedidos (id_pedido, id_cliente, data_pedido, status_pedido) values (208, 74, '2023/07/06', 'pagamento pendente');
insert into t_pedidos (id_pedido, id_cliente, data_pedido, status_pedido) values (209, 63, '2023/06/11', 'pagamento pendente');
insert into t_pedidos (id_pedido, id_cliente, data_pedido, status_pedido) values (210, 95, '2023/04/16', 'entregue');
insert into t_pedidos (id_pedido, id_cliente, data_pedido, status_pedido) values (211, 35, '2023/06/09', 'em analise');
insert into t_pedidos (id_pedido, id_cliente, data_pedido, status_pedido) values (212, 66, '2023/09/02', 'entregue');
insert into t_pedidos (id_pedido, id_cliente, data_pedido, status_pedido) values (213, 56, '2023/09/25', 'em analise');
insert into t_pedidos (id_pedido, id_cliente, data_pedido, status_pedido) values (214, 71, '2023/05/01', 'a caminho');
insert into t_pedidos (id_pedido, id_cliente, data_pedido, status_pedido) values (215, 99, '2023/06/19', 'em analise');
insert into t_pedidos (id_pedido, id_cliente, data_pedido, status_pedido) values (216, 37, '2023/02/13', 'a caminho');
insert into t_pedidos (id_pedido, id_cliente, data_pedido, status_pedido) values (217, 39, '2023/10/20', 'pagamento pendente');
insert into t_pedidos (id_pedido, id_cliente, data_pedido, status_pedido) values (218, 42, '2023/02/05', 'pagamento pendente');
insert into t_pedidos (id_pedido, id_cliente, data_pedido, status_pedido) values (219, 39, '2023/07/03', 'em analise');
insert into t_pedidos (id_pedido, id_cliente, data_pedido, status_pedido) values (220, 66, '2023/05/04', 'em analise');
insert into t_pedidos (id_pedido, id_cliente, data_pedido, status_pedido) values (221, 94, '2023/01/12', 'entregue');
insert into t_pedidos (id_pedido, id_cliente, data_pedido, status_pedido) values (222, 81, '2023/07/04', 'entregue');
insert into t_pedidos (id_pedido, id_cliente, data_pedido, status_pedido) values (223, 15, '2023/09/26', 'a caminho');
insert into t_pedidos (id_pedido, id_cliente, data_pedido, status_pedido) values (224, 33, '2023/11/07', 'devolucao');
insert into t_pedidos (id_pedido, id_cliente, data_pedido, status_pedido) values (225, 43, '2023/08/14', 'em analise');
insert into t_pedidos (id_pedido, id_cliente, data_pedido, status_pedido) values (226, 29, '2023/02/03', 'a caminho');
insert into t_pedidos (id_pedido, id_cliente, data_pedido, status_pedido) values (227, 95, '2023/02/24', 'a caminho');
insert into t_pedidos (id_pedido, id_cliente, data_pedido, status_pedido) values (228, 55, '2023/10/18', 'entregue');
insert into t_pedidos (id_pedido, id_cliente, data_pedido, status_pedido) values (229, 65, '2023/01/20', 'a caminho');
insert into t_pedidos (id_pedido, id_cliente, data_pedido, status_pedido) values (230, 41, '2023/09/19', 'em analise');
insert into t_pedidos (id_pedido, id_cliente, data_pedido, status_pedido) values (231, 65, '2023/12/02', 'a caminho');
insert into t_pedidos (id_pedido, id_cliente, data_pedido, status_pedido) values (232, 9, '2023/08/23', 'devolucao');
insert into t_pedidos (id_pedido, id_cliente, data_pedido, status_pedido) values (233, 95, '2023/12/31', 'em analise');
insert into t_pedidos (id_pedido, id_cliente, data_pedido, status_pedido) values (234, 33, '2023/12/24', 'em analise');
insert into t_pedidos (id_pedido, id_cliente, data_pedido, status_pedido) values (235, 15, '2023/08/21', 'entregue');
insert into t_pedidos (id_pedido, id_cliente, data_pedido, status_pedido) values (236, 76, '2023/11/03', 'entregue');
insert into t_pedidos (id_pedido, id_cliente, data_pedido, status_pedido) values (237, 28, '2023/10/10', 'a caminho');
insert into t_pedidos (id_pedido, id_cliente, data_pedido, status_pedido) values (238, 41, '2023/04/03', 'a caminho');
insert into t_pedidos (id_pedido, id_cliente, data_pedido, status_pedido) values (239, 41, '2023/06/10', 'em analise');
insert into t_pedidos (id_pedido, id_cliente, data_pedido, status_pedido) values (240, 20, '2023/12/12', 'devolucao');
insert into t_pedidos (id_pedido, id_cliente, data_pedido, status_pedido) values (241, 6, '2023/10/23', 'entregue');
insert into t_pedidos (id_pedido, id_cliente, data_pedido, status_pedido) values (242, 44, '2023/10/19', 'em analise');
insert into t_pedidos (id_pedido, id_cliente, data_pedido, status_pedido) values (243, 67, '2023/04/03', 'a caminho');
insert into t_pedidos (id_pedido, id_cliente, data_pedido, status_pedido) values (244, 77, '2023/01/01', 'a caminho');
insert into t_pedidos (id_pedido, id_cliente, data_pedido, status_pedido) values (245, 53, '2023/03/31', 'entregue');
insert into t_pedidos (id_pedido, id_cliente, data_pedido, status_pedido) values (246, 53, '2023/02/09', 'pagamento pendente');
insert into t_pedidos (id_pedido, id_cliente, data_pedido, status_pedido) values (247, 78, '2023/06/13', 'pagamento pendente');
insert into t_pedidos (id_pedido, id_cliente, data_pedido, status_pedido) values (248, 29, '2023/04/04', 'em analise');
insert into t_pedidos (id_pedido, id_cliente, data_pedido, status_pedido) values (249, 63, '2023/12/04', 'pagamento pendente');
insert into t_pedidos (id_pedido, id_cliente, data_pedido, status_pedido) values (250, 67, '2023/02/28', 'a caminho');
insert into t_pedidos (id_pedido, id_cliente, data_pedido, status_pedido) values (251, 85, '2023/12/12', 'devolucao');
insert into t_pedidos (id_pedido, id_cliente, data_pedido, status_pedido) values (252, 80, '2023/04/20', 'em analise');
insert into t_pedidos (id_pedido, id_cliente, data_pedido, status_pedido) values (253, 44, '2023/03/15', 'em analise');
insert into t_pedidos (id_pedido, id_cliente, data_pedido, status_pedido) values (254, 49, '2023/10/24', 'pagamento pendente');
insert into t_pedidos (id_pedido, id_cliente, data_pedido, status_pedido) values (255, 70, '2023/12/16', 'entregue');
insert into t_pedidos (id_pedido, id_cliente, data_pedido, status_pedido) values (256, 31, '2023/04/24', 'devolucao');
insert into t_pedidos (id_pedido, id_cliente, data_pedido, status_pedido) values (257, 1, '2023/01/28', 'em analise');
insert into t_pedidos (id_pedido, id_cliente, data_pedido, status_pedido) values (258, 61, '2023/11/05', 'devolucao');
insert into t_pedidos (id_pedido, id_cliente, data_pedido, status_pedido) values (259, 20, '2023/06/11', 'a caminho');
insert into t_pedidos (id_pedido, id_cliente, data_pedido, status_pedido) values (260, 76, '2023/04/08', 'entregue');


